created_at,account_access,billing_problem,bug,feature_request,how_to,other,performance,security_concern,anomaly_score,dominant_issue_type,spiking_issue_type,spike_z
2022-01-22,8,18,9,6,13,13,9,5,-1,billing_problem,billing_problem,3.34
2022-01-29,7,7,8,16,5,20,9,6,-1,other,other,3.91
2022-03-17,4,6,3,10,9,6,7,2,-1,feature_request,feature_request,0.5
2022-03-28,13,5,7,5,15,11,4,12,-1,how_to,how_to,2.12
2022-03-30,16,7,6,11,15,10,14,7,-1,account_access,account_access,2.51
2022-04-16,9,9,4,5,4,16,13,14,-1,other,other,2.54
2022-04-23,11,9,3,5,15,8,15,10,-1,how_to,performance,2.17
2022-05-04,13,16,14,11,7,7,12,6,-1,billing_problem,billing_problem,2.64
2022-05-28,6,2,4,11,5,12,7,6,-1,other,other,1.18
2022-06-09,10,2,4,8,9,2,11,5,-1,performance,performance,0.82
2022-06-16,5,16,12,5,15,9,11,8,-1,billing_problem,billing_problem,2.64
2022-06-29,8,5,12,9,16,15,12,5,-1,how_to,how_to,2.46
2022-07-11,14,10,2,12,5,5,11,5,-1,account_access,account_access,1.83
2022-08-04,8,7,6,17,2,11,5,10,-1,feature_request,feature_request,2.89
2022-09-01,9,15,0,5,9,12,11,9,-1,billing_problem,billing_problem,2.29
2022-10-16,6,3,14,9,11,12,9,3,-1,bug,bug,1.88
2022-11-05,11,13,4,10,12,5,4,2,-1,billing_problem,billing_problem,1.59
2023-02-08,12,6,12,8,5,17,3,9,-1,other,other,2.88
2023-02-12,15,5,6,6,11,15,20,9,-1,performance,performance,3.87
2023-03-15,5,5,10,13,15,15,4,14,-1,how_to,other,2.2
2023-03-28,12,16,12,9,11,12,6,15,-1,billing_problem,billing_problem,2.64
2023-05-13,7,11,3,15,12,8,5,15,-1,feature_request,security_concern,2.21
2023-05-15,9,12,3,6,4,10,6,15,-1,security_concern,security_concern,2.21
2023-06-05,10,12,7,11,11,18,8,14,-1,other,other,3.23
2023-06-24,19,13,5,9,12,6,10,11,-1,account_access,account_access,3.53
2023-07-04,13,9,4,13,12,16,6,13,-1,other,other,2.54
2023-07-16,10,11,14,16,8,13,11,9,-1,feature_request,feature_request,2.55
2023-08-14,2,3,7,8,11,10,5,3,-1,how_to,how_to,0.77
2023-08-21,10,2,10,8,15,6,3,10,-1,how_to,how_to,2.12
2023-09-23,10,7,16,6,6,10,9,15,-1,bug,bug,2.56
2023-10-08,15,6,3,12,11,17,5,6,-1,other,other,2.88
2023-10-18,17,4,6,9,7,5,7,3,-1,account_access,account_access,2.85
2023-11-01,10,10,14,8,7,4,5,17,-1,security_concern,security_concern,2.89
2023-11-08,10,14,5,9,7,13,1,9,-1,billing_problem,billing_problem,1.94
2023-11-15,16,8,8,13,2,7,4,5,-1,account_access,account_access,2.51
2024-01-05,6,5,5,10,5,11,2,5,-1,other,other,0.84
2024-01-26,3,16,11,4,10,7,16,5,-1,billing_problem,billing_problem,2.64
2024-03-05,4,9,13,14,7,10,6,3,-1,feature_request,feature_request,1.86
2024-04-01,15,14,7,10,7,6,5,14,-1,account_access,account_access,2.17
2024-04-19,3,12,9,6,12,18,9,8,-1,other,other,3.23
2024-05-13,6,7,7,15,8,5,2,3,-1,feature_request,feature_request,2.21
2024-05-23,9,5,13,2,7,7,16,16,-1,performance,security_concern,2.55
2024-06-21,10,6,5,6,3,18,10,8,-1,other,other,3.23
2024-06-30,4,8,5,1,12,10,1,11,-1,how_to,how_to,1.11
2024-07-04,6,9,2,3,6,13,14,8,-1,performance,performance,1.84
2024-07-07,4,9,6,20,13,4,9,8,-1,feature_request,feature_request,3.92
2024-07-25,15,13,4,11,14,7,6,6,-1,account_access,account_access,2.17
2024-07-30,18,3,16,8,9,6,9,8,-1,account_access,account_access,3.19
2024-10-31,8,11,12,4,9,2,11,15,-1,security_concern,security_concern,2.21
2024-12-01,3,8,2,9,16,7,14,8,-1,how_to,how_to,2.46
2024-12-29,13,12,7,3,12,11,4,3,-1,account_access,account_access,1.49
2025-01-07,9,4,12,6,7,11,15,14,-1,performance,performance,2.17
2025-01-22,5,17,6,7,16,11,11,8,-1,billing_problem,billing_problem,2.99
2025-03-04,14,6,5,15,14,5,12,4,-1,feature_request,feature_request,2.21
2025-03-29,13,12,11,11,16,13,12,7,-1,how_to,how_to,2.46
2025-03-30,18,15,7,5,6,4,8,6,-1,account_access,account_access,3.19
2025-04-12,5,11,14,9,18,9,7,2,-1,how_to,how_to,3.14
2025-04-29,7,16,18,10,15,4,8,6,-1,bug,bug,3.23
2025-05-28,16,13,17,5,9,10,12,3,-1,bug,bug,2.89
2025-06-03,14,10,7,13,15,5,12,3,-1,how_to,how_to,2.12
2025-06-05,11,2,8,10,5,7,17,5,-1,performance,performance,2.85
2025-06-18,10,6,3,13,6,8,17,3,-1,performance,performance,2.85
2025-06-20,2,7,11,3,7,2,12,10,-1,performance,performance,1.16
2025-07-03,11,5,12,4,4,11,14,5,-1,performance,performance,1.84
2025-07-23,10,8,16,11,7,13,6,4,-1,bug,bug,2.56
2025-08-07,7,13,11,7,16,6,11,1,-1,how_to,how_to,2.46
2025-08-09,10,11,12,2,5,11,11,17,-1,security_concern,security_concern,2.89
2025-08-14,10,13,16,4,6,6,6,8,-1,bug,bug,2.56
2025-09-14,5,13,3,10,7,6,2,7,-1,billing_problem,billing_problem,1.59
2025-09-21,2,9,13,9,7,15,13,9,-1,other,other,2.2
2025-11-19,13,11,9,12,15,14,10,5,-1,how_to,how_to,2.12
2025-11-27,6,16,12,13,16,10,7,7,-1,billing_problem,billing_problem,2.64
2025-12-28,2,5,16,9,14,6,5,6,-1,bug,bug,2.56
