created_at,ticket_count,avg_resolution_time,reopened_rate,anomaly_score,lof_anomaly
2022-01-01,63,45.709999999999994,0.047619047619047616,1,1
2022-01-02,77,46.386792452830186,0.025974025974025976,1,1
2022-01-03,67,43.67848484848484,0.04477611940298507,1,1
2022-01-04,74,67.55125,0.04054054054054054,-1,-1
2022-01-05,48,49.29678571428571,0.020833333333333332,-1,-1
2022-01-06,82,37.928333333333335,0.04878048780487805,1,1
2022-01-07,63,31.971666666666668,0.0,-1,1
2022-01-08,76,36.32586956521739,0.039473684210526314,1,1
2022-01-09,70,50.66181818181818,0.07142857142857142,1,1
2022-01-10,65,43.10769230769231,0.09230769230769231,1,1
2022-01-11,63,45.80772727272727,0.015873015873015872,1,1
2022-01-12,67,50.23717948717949,0.05970149253731343,1,1
2022-01-13,71,38.52166666666667,0.056338028169014086,1,1
2022-01-14,58,41.377631578947366,0.034482758620689655,1,1
2022-01-15,62,61.15833333333333,0.06451612903225806,1,1
2022-01-16,79,45.88791666666666,0.05063291139240506,1,1
2022-01-17,71,48.91733333333334,0.04225352112676056,1,1
2022-01-18,84,42.63269230769231,0.05952380952380952,1,1
2022-01-19,60,40.024,0.05,1,1
2022-01-20,67,46.77641025641026,0.04477611940298507,1,1
2022-01-21,61,53.75615384615385,0.03278688524590164,1,1
2022-01-22,81,47.20612244897959,0.04938271604938271,1,1
2022-01-23,63,34.44375,0.06349206349206349,1,1
2022-01-24,56,45.4435294117647,0.017857142857142856,1,1
2022-01-25,52,42.7371875,0.11538461538461539,-1,1
2022-01-26,65,41.72076923076923,0.1076923076923077,1,1
2022-01-27,85,45.49530612244898,0.047058823529411764,1,1
2022-01-28,72,44.46520833333333,0.027777777777777776,1,1
2022-01-29,78,42.04046511627907,0.02564102564102564,1,1
2022-01-30,68,30.653953488372096,0.04411764705882353,1,1
2022-01-31,61,46.795609756097555,0.06557377049180328,1,1
2022-02-01,67,43.81648648648649,0.08955223880597014,1,1
2022-02-02,54,45.08727272727273,0.037037037037037035,1,1
2022-02-03,78,47.004666666666665,0.05128205128205128,1,1
2022-02-04,60,43.368648648648644,0.0,1,1
2022-02-05,68,41.64139534883721,0.058823529411764705,1,1
2022-02-06,69,45.02128205128205,0.028985507246376812,1,1
2022-02-07,64,48.1495,0.078125,1,1
2022-02-08,61,33.458684210526314,0.04918032786885246,1,1
2022-02-09,67,41.29636363636364,0.1044776119402985,1,1
2022-02-10,66,47.81948717948718,0.07575757575757576,1,1
2022-02-11,74,40.43958333333333,0.02702702702702703,1,1
2022-02-12,57,39.417428571428566,0.05263157894736842,1,1
2022-02-13,46,56.79892857142857,0.0,-1,-1
2022-02-14,74,54.059333333333335,0.06756756756756757,1,1
2022-02-15,57,42.19586206896552,0.03508771929824561,1,1
2022-02-16,65,34.212162162162166,0.015384615384615385,1,1
2022-02-17,72,60.865434782608695,0.06944444444444445,1,1
2022-02-18,63,44.78604651162791,0.031746031746031744,1,1
2022-02-19,65,44.70425,0.046153846153846156,1,1
2022-02-20,63,26.337714285714284,0.07936507936507936,1,1
2022-02-21,76,38.02291666666667,0.02631578947368421,1,1
2022-02-22,74,60.36717391304347,0.05405405405405406,1,1
2022-02-23,61,40.68410256410257,0.01639344262295082,1,1
2022-02-24,63,44.75275,0.047619047619047616,1,1
2022-02-25,67,53.52974358974359,0.05970149253731343,1,1
2022-02-26,69,56.9095,0.057971014492753624,1,1
2022-02-27,69,56.95717391304348,0.014492753623188406,1,1
2022-02-28,66,31.887435897435896,0.030303030303030304,1,1
2022-03-01,60,41.35289473684211,0.05,1,1
2022-03-02,64,38.31285714285714,0.015625,1,1
2022-03-03,74,38.71934782608695,0.08108108108108109,1,1
2022-03-04,57,36.5103125,0.08771929824561403,1,1
2022-03-05,74,40.189142857142855,0.02702702702702703,1,1
2022-03-06,77,43.93048780487805,0.05194805194805195,1,1
2022-03-07,63,38.07292682926829,0.07936507936507936,1,1
2022-03-08,67,35.26733333333333,0.014925373134328358,1,1
2022-03-09,61,51.23294117647059,0.09836065573770492,1,1
2022-03-10,78,45.943396226415096,0.05128205128205128,1,1
2022-03-11,69,61.767500000000005,0.07246376811594203,1,1
2022-03-12,73,30.075833333333335,0.0410958904109589,1,1
2022-03-13,73,44.872549019607845,0.0410958904109589,1,1
2022-03-14,84,47.20125,0.023809523809523808,1,1
2022-03-15,73,43.527727272727276,0.0273972602739726,1,1
2022-03-16,62,40.67142857142857,0.0967741935483871,1,1
2022-03-17,47,45.422758620689656,0.1276595744680851,-1,-1
2022-03-18,69,60.81815789473685,0.08695652173913043,1,1
2022-03-19,81,41.35608695652174,0.0,1,1
2022-03-20,67,46.49628571428571,0.014925373134328358,1,1
2022-03-21,50,44.22129032258065,0.04,1,1
2022-03-22,66,51.941842105263156,0.06060606060606061,1,1
2022-03-23,79,42.25673469387755,0.0379746835443038,1,1
2022-03-24,79,38.184347826086956,0.0759493670886076,1,1
2022-03-25,60,61.34268292682927,0.05,1,1
2022-03-26,69,48.235,0.057971014492753624,1,1
2022-03-27,70,42.621111111111105,0.05714285714285714,1,1
2022-03-28,72,39.43372093023256,0.013888888888888888,1,1
2022-03-29,76,37.8997619047619,0.013157894736842105,1,1
2022-03-30,86,55.511875,0.03488372093023256,1,1
2022-03-31,59,61.178823529411765,0.06779661016949153,1,1
2022-04-01,63,49.7527027027027,0.015873015873015872,1,1
2022-04-02,69,37.41125,0.057971014492753624,1,1
2022-04-03,57,46.003076923076925,0.0,1,1
2022-04-04,79,42.003076923076925,0.0379746835443038,1,1
2022-04-05,70,46.45815789473684,0.07142857142857142,1,1
2022-04-06,70,30.271136363636366,0.04285714285714286,1,1
2022-04-07,70,42.040499999999994,0.04285714285714286,1,1
2022-04-08,71,54.98744186046512,0.04225352112676056,1,1
2022-04-09,69,38.53604651162791,0.043478260869565216,1,1
2022-04-10,63,50.9493023255814,0.015873015873015872,1,1
2022-04-11,92,47.15075471698113,0.043478260869565216,-1,-1
2022-04-12,62,44.31633333333333,0.016129032258064516,1,1
2022-04-13,65,54.9106976744186,0.046153846153846156,1,1
2022-04-14,70,48.86973684210526,0.04285714285714286,1,1
2022-04-15,71,29.412000000000003,0.028169014084507043,1,1
2022-04-16,74,36.92764705882353,0.05405405405405406,1,1
2022-04-17,54,56.47794117647059,0.0,-1,-1
2022-04-18,64,45.647894736842105,0.03125,1,1
2022-04-19,72,47.69813953488372,0.06944444444444445,1,1
2022-04-20,65,45.69444444444444,0.03076923076923077,1,1
2022-04-21,57,52.161944444444444,0.017543859649122806,1,1
2022-04-22,73,35.55068181818182,0.0547945205479452,1,1
2022-04-23,76,48.089333333333336,0.09210526315789473,1,1
2022-04-24,74,40.74090909090909,0.04054054054054054,1,1
2022-04-25,64,37.85102564102564,0.03125,1,1
2022-04-26,63,32.11060606060607,0.07936507936507936,1,1
2022-04-27,68,41.48926829268292,0.058823529411764705,1,1
2022-04-28,71,43.88763157894737,0.08450704225352113,1,1
2022-04-29,63,40.06585365853659,0.09523809523809523,1,1
2022-04-30,65,43.4114705882353,0.03076923076923077,1,1
2022-05-01,60,39.044736842105266,0.05,1,1
2022-05-02,74,39.019999999999996,0.0,1,1
2022-05-03,69,48.8553488372093,0.10144927536231885,1,1
2022-05-04,86,35.02901960784314,0.03488372093023256,1,1
2022-05-05,74,41.70547619047619,0.05405405405405406,1,1
2022-05-06,60,34.756410256410255,0.05,1,1
2022-05-07,67,38.19761904761905,0.04477611940298507,1,1
2022-05-08,80,40.089999999999996,0.0625,1,1
2022-05-09,70,34.912058823529414,0.014285714285714285,1,1
2022-05-10,70,44.089555555555556,0.07142857142857142,1,1
2022-05-11,75,45.06891304347826,0.08,1,1
2022-05-12,52,37.30344827586207,0.09615384615384616,-1,1
2022-05-13,76,34.5443137254902,0.06578947368421052,1,1
2022-05-14,70,39.29025,0.02857142857142857,1,1
2022-05-15,59,57.31935483870967,0.05084745762711865,1,1
2022-05-16,64,45.841351351351356,0.046875,1,1
2022-05-17,55,55.19258064516129,0.03636363636363636,1,1
2022-05-18,63,34.751621621621624,0.015873015873015872,1,1
2022-05-19,72,62.25119047619048,0.06944444444444445,1,1
2022-05-20,57,36.79064516129032,0.05263157894736842,1,1
2022-05-21,54,41.82606060606061,0.037037037037037035,1,1
2022-05-22,74,58.8222,0.013513513513513514,1,1
2022-05-23,80,33.98872340425532,0.05,1,1
2022-05-24,63,49.53088235294118,0.07936507936507936,1,1
2022-05-25,54,63.29827586206897,0.05555555555555555,-1,1
2022-05-26,61,41.711627906976744,0.03278688524590164,1,1
2022-05-27,66,39.02317073170732,0.030303030303030304,1,1
2022-05-28,53,37.91842105263158,0.03773584905660377,1,1
2022-05-29,64,40.88717948717949,0.078125,1,1
2022-05-30,49,42.2853125,0.02040816326530612,1,1
2022-05-31,73,51.00270833333334,0.0273972602739726,1,1
2022-06-01,75,33.38282608695653,0.02666666666666667,1,1
2022-06-02,83,53.329655172413794,0.07228915662650602,1,1
2022-06-03,68,48.91894736842105,0.10294117647058823,1,1
2022-06-04,79,37.395526315789475,0.0379746835443038,1,1
2022-06-05,60,24.204444444444444,0.05,-1,-1
2022-06-06,69,39.2025,0.043478260869565216,1,1
2022-06-07,70,49.81106382978723,0.014285714285714285,1,1
2022-06-08,67,48.54095238095238,0.08955223880597014,1,1
2022-06-09,51,34.93242424242424,0.0196078431372549,1,1
2022-06-10,72,51.122888888888895,0.027777777777777776,1,1
2022-06-11,60,54.98771428571428,0.05,1,1
2022-06-12,75,49.87913043478261,0.013333333333333334,1,1
2022-06-13,83,68.51208333333334,0.012048192771084338,-1,-1
2022-06-14,80,41.58046511627907,0.0125,1,1
2022-06-15,72,49.18707317073171,0.027777777777777776,1,1
2022-06-16,81,38.2242,0.09876543209876543,1,-1
2022-06-17,67,55.933157894736844,0.07462686567164178,1,1
2022-06-18,65,57.118974358974356,0.03076923076923077,1,1
2022-06-19,73,38.978,0.0410958904109589,1,1
2022-06-20,72,60.52928571428571,0.08333333333333333,1,1
2022-06-21,69,37.79333333333334,0.07246376811594203,1,1
2022-06-22,61,43.095238095238095,0.03278688524590164,1,1
2022-06-23,47,40.76827586206896,0.0425531914893617,1,1
2022-06-24,59,33.543,0.0847457627118644,1,1
2022-06-25,73,52.60454545454545,0.0410958904109589,1,1
2022-06-26,74,46.36685714285714,0.05405405405405406,1,1
2022-06-27,86,45.00557692307692,0.03488372093023256,1,1
2022-06-28,50,34.523809523809526,0.06,1,-1
2022-06-29,82,60.38365384615385,0.036585365853658534,1,-1
2022-06-30,69,36.29581395348837,0.028985507246376812,1,1
2022-07-01,63,55.571282051282054,0.047619047619047616,1,1
2022-07-02,63,35.385714285714286,0.031746031746031744,1,1
2022-07-03,62,39.05864864864865,0.03225806451612903,1,1
2022-07-04,81,39.6668085106383,0.024691358024691357,1,1
2022-07-05,66,46.24142857142857,0.10606060606060606,1,1
2022-07-06,63,29.961555555555556,0.047619047619047616,1,1
2022-07-07,62,64.90861111111111,0.016129032258064516,1,1
2022-07-08,67,58.16142857142857,0.014925373134328358,1,1
2022-07-09,56,43.54447368421053,0.0,1,1
2022-07-10,69,75.67,0.043478260869565216,-1,-1
2022-07-11,64,42.70666666666666,0.0625,1,1
2022-07-12,76,52.89729166666667,0.07894736842105263,1,1
2022-07-13,71,56.02558139534884,0.014084507042253521,1,1
2022-07-14,74,40.87866666666667,0.08108108108108109,1,1
2022-07-15,78,48.863076923076925,0.05128205128205128,1,1
2022-07-16,74,35.875,0.04054054054054054,1,1
2022-07-17,64,53.57128205128205,0.03125,1,1
2022-07-18,61,57.12048780487805,0.04918032786885246,1,1
2022-07-19,67,47.99093023255814,0.05970149253731343,1,1
2022-07-20,69,38.96365853658536,0.057971014492753624,1,1
2022-07-21,73,41.686511627906974,0.0547945205479452,1,1
2022-07-22,64,55.218709677419355,0.0625,1,1
2022-07-23,57,70.54030303030302,0.03508771929824561,-1,-1
2022-07-24,65,55.66117647058824,0.046153846153846156,1,1
2022-07-25,72,47.45790697674419,0.041666666666666664,1,1
2022-07-26,72,37.05297872340426,0.06944444444444445,1,1
2022-07-27,66,58.04405405405406,0.06060606060606061,1,1
2022-07-28,52,40.11676470588235,0.038461538461538464,1,1
2022-07-29,64,49.07,0.046875,1,1
2022-07-30,70,43.29785714285714,0.04285714285714286,1,1
2022-07-31,65,32.299696969696974,0.046153846153846156,1,1
2022-08-01,68,60.56813953488372,0.058823529411764705,1,1
2022-08-02,68,48.01,0.014705882352941176,1,1
2022-08-03,73,50.80102564102564,0.0821917808219178,1,1
2022-08-04,66,37.442750000000004,0.045454545454545456,1,1
2022-08-05,90,43.972884615384615,0.03333333333333333,1,1
2022-08-06,72,40.61413043478261,0.041666666666666664,1,1
2022-08-07,47,34.84518518518518,0.02127659574468085,-1,-1
2022-08-08,74,36.19285714285714,0.04054054054054054,1,1
2022-08-09,68,48.44794871794872,0.029411764705882353,1,1
2022-08-10,69,43.20545454545454,0.028985507246376812,1,1
2022-08-11,70,48.332352941176474,0.07142857142857142,1,1
2022-08-12,62,45.17184210526316,0.04838709677419355,1,1
2022-08-13,67,32.599512195121946,0.11940298507462686,-1,-1
2022-08-14,75,43.454339622641506,0.08,1,1
2022-08-15,58,43.626315789473686,0.05172413793103448,1,1
2022-08-16,67,48.5315625,0.05970149253731343,1,1
2022-08-17,58,68.87529411764706,0.06896551724137931,-1,1
2022-08-18,56,45.68,0.08928571428571429,1,1
2022-08-19,70,45.170249999999996,0.1,1,1
2022-08-20,63,52.44875,0.1111111111111111,1,1
2022-08-21,64,51.75289473684211,0.046875,1,1
2022-08-22,54,31.235277777777778,0.09259259259259259,-1,1
2022-08-23,71,50.77744680851064,0.04225352112676056,1,1
2022-08-24,64,43.372368421052634,0.03125,1,1
2022-08-25,67,37.692093023255815,0.029850746268656716,1,1
2022-08-26,63,55.06604166666667,0.06349206349206349,1,1
2022-08-27,74,57.731842105263155,0.08108108108108109,1,1
2022-08-28,64,31.418205128205127,0.046875,1,1
2022-08-29,79,45.17644444444444,0.06329113924050633,1,1
2022-08-30,77,41.09297872340425,0.05194805194805195,1,1
2022-08-31,73,46.47047619047619,0.0958904109589041,1,1
2022-09-01,70,55.32947368421053,0.05714285714285714,1,1
2022-09-02,66,39.302368421052634,0.045454545454545456,1,1
2022-09-03,73,48.580227272727264,0.0273972602739726,1,1
2022-09-04,76,45.79066666666667,0.09210526315789473,1,1
2022-09-05,61,54.8015,0.03278688524590164,1,1
2022-09-06,70,40.975869565217394,0.05714285714285714,1,1
2022-09-07,73,44.8158695652174,0.0821917808219178,1,1
2022-09-08,68,37.455897435897434,0.04411764705882353,1,1
2022-09-09,61,50.82135135135135,0.06557377049180328,1,1
2022-09-10,72,53.68044444444444,0.05555555555555555,1,1
2022-09-11,65,35.25083333333333,0.015384615384615385,1,1
2022-09-12,70,39.24325581395349,0.0,1,1
2022-09-13,67,39.11314285714286,0.08955223880597014,1,1
2022-09-14,73,38.114,0.0410958904109589,1,1
2022-09-15,63,37.599444444444444,0.031746031746031744,1,1
2022-09-16,70,40.81710526315789,0.05714285714285714,1,1
2022-09-17,69,54.37685714285715,0.057971014492753624,1,1
2022-09-18,54,44.44592592592593,0.0,1,1
2022-09-19,63,41.395384615384614,0.031746031746031744,1,1
2022-09-20,53,49.300399999999996,0.05660377358490566,1,1
2022-09-21,70,37.97270833333334,0.04285714285714286,1,1
2022-09-22,66,40.193513513513516,0.030303030303030304,1,1
2022-09-23,54,36.576571428571434,0.037037037037037035,1,1
2022-09-24,77,47.3716,0.05194805194805195,1,1
2022-09-25,64,43.59026315789473,0.0625,1,1
2022-09-26,60,47.8619512195122,0.03333333333333333,1,-1
2022-09-27,73,45.98916666666667,0.0410958904109589,1,1
2022-09-28,65,46.74810810810811,0.03076923076923077,1,1
2022-09-29,67,37.046410256410255,0.0,1,1
2022-09-30,73,45.00727272727273,0.0273972602739726,1,1
2022-10-01,74,45.90204545454546,0.02702702702702703,1,1
2022-10-02,75,47.316428571428574,0.013333333333333334,1,1
2022-10-03,66,40.97529411764706,0.0,1,1
2022-10-04,67,43.06325,0.04477611940298507,1,1
2022-10-05,69,37.25380952380952,0.08695652173913043,1,1
2022-10-06,63,37.906888888888886,0.06349206349206349,1,1
2022-10-07,66,44.155,0.030303030303030304,1,1
2022-10-08,76,52.15090909090909,0.05263157894736842,1,1
2022-10-09,79,51.83159090909091,0.012658227848101266,1,1
2022-10-10,77,41.46674418604651,0.06493506493506493,1,1
2022-10-11,63,46.387317073170735,0.047619047619047616,1,1
2022-10-12,76,36.371219512195125,0.05263157894736842,1,1
2022-10-13,68,47.19261904761905,0.058823529411764705,1,1
2022-10-14,64,44.00909090909091,0.03125,1,1
2022-10-15,58,32.43184210526316,0.017241379310344827,1,1
2022-10-16,67,51.72613636363636,0.029850746268656716,1,1
2022-10-17,65,26.6,0.03076923076923077,1,1
2022-10-18,58,30.758181818181818,0.0,-1,1
2022-10-19,43,41.75260869565217,0.046511627906976744,-1,-1
2022-10-20,68,58.392857142857146,0.058823529411764705,1,1
2022-10-21,60,68.33526315789473,0.1,-1,-1
2022-10-22,77,29.12170731707317,0.012987012987012988,-1,-1
2022-10-23,69,40.13205882352941,0.10144927536231885,1,1
2022-10-24,66,47.15268292682927,0.045454545454545456,1,1
2022-10-25,75,52.837380952380954,0.02666666666666667,1,1
2022-10-26,61,40.357179487179486,0.01639344262295082,1,1
2022-10-27,64,33.56921052631579,0.078125,1,1
2022-10-28,84,51.50333333333333,0.023809523809523808,1,1
2022-10-29,69,43.56028571428571,0.028985507246376812,1,1
2022-10-30,59,46.3054054054054,0.03389830508474576,1,1
2022-10-31,68,43.760000000000005,0.07352941176470588,1,1
2022-11-01,82,48.729183673469386,0.036585365853658534,1,1
2022-11-02,74,43.67021739130435,0.04054054054054054,1,1
2022-11-03,72,44.2460465116279,0.06944444444444445,1,1
2022-11-04,69,48.281627906976745,0.07246376811594203,1,1
2022-11-05,61,24.875833333333333,0.03278688524590164,1,-1
2022-11-06,70,44.30243902439024,0.04285714285714286,1,1
2022-11-07,68,45.10692307692308,0.07352941176470588,1,1
2022-11-08,60,43.2054054054054,0.06666666666666667,1,1
2022-11-09,69,48.03512820512821,0.014492753623188406,1,1
2022-11-10,72,38.41131578947369,0.08333333333333333,1,1
2022-11-11,79,38.37904761904762,0.06329113924050633,1,1
2022-11-12,63,44.822,0.015873015873015872,1,1
2022-11-13,76,39.487435897435894,0.06578947368421052,1,1
2022-11-14,60,51.449090909090906,0.03333333333333333,1,1
2022-11-15,66,41.987,0.06060606060606061,1,1
2022-11-16,92,53.69111111111111,0.07608695652173914,-1,-1
2022-11-17,65,37.19785714285714,0.015384615384615385,1,1
2022-11-18,66,57.090425531914896,0.10606060606060606,1,1
2022-11-19,69,51.403414634146344,0.014492753623188406,1,1
2022-11-20,69,48.36787234042553,0.07246376811594203,1,1
2022-11-21,69,46.12081081081081,0.07246376811594203,1,1
2022-11-22,65,39.651666666666664,0.046153846153846156,1,1
2022-11-23,71,59.87052631578947,0.0,1,1
2022-11-24,68,45.488113207547165,0.029411764705882353,1,1
2022-11-25,60,45.602045454545454,0.06666666666666667,1,1
2022-11-26,62,48.99945945945946,0.06451612903225806,1,1
2022-11-27,65,40.854473684210525,0.07692307692307693,1,1
2022-11-28,67,40.54461538461538,0.07462686567164178,1,1
2022-11-29,58,67.62052631578948,0.034482758620689655,-1,1
2022-11-30,69,28.98428571428571,0.028985507246376812,1,1
2022-12-01,71,49.10073170731707,0.04225352112676056,1,1
2022-12-02,65,45.94970588235294,0.046153846153846156,1,1
2022-12-03,59,39.510270270270276,0.01694915254237288,1,1
2022-12-04,66,53.16307692307693,0.10606060606060606,1,1
2022-12-05,71,42.40923076923077,0.056338028169014086,1,1
2022-12-06,56,41.2009375,0.017857142857142856,1,1
2022-12-07,64,43.28547619047619,0.046875,1,1
2022-12-08,57,39.141052631578944,0.0,1,1
2022-12-09,67,45.233023255813954,0.029850746268656716,1,1
2022-12-10,59,43.06272727272727,0.03389830508474576,1,1
2022-12-11,79,44.77745098039216,0.0379746835443038,1,1
2022-12-12,67,50.218857142857146,0.04477611940298507,1,1
2022-12-13,60,60.97548387096774,0.03333333333333333,1,1
2022-12-14,66,46.09418604651162,0.09090909090909091,1,1
2022-12-15,75,26.0765,0.04,1,1
2022-12-16,57,36.12,0.03508771929824561,1,1
2022-12-17,59,38.356521739130436,0.06779661016949153,1,1
2022-12-18,66,40.14487804878049,0.06060606060606061,1,1
2022-12-19,71,36.50785714285714,0.07042253521126761,1,1
2022-12-20,58,44.70871794871795,0.06896551724137931,1,1
2022-12-21,61,32.1596875,0.04918032786885246,1,1
2022-12-22,75,54.405952380952385,0.02666666666666667,1,1
2022-12-23,58,45.26615384615385,0.017241379310344827,1,1
2022-12-24,64,46.33361111111111,0.03125,1,1
2022-12-25,76,47.15085106382979,0.06578947368421052,1,1
2022-12-26,73,43.34837209302326,0.0547945205479452,1,1
2022-12-27,64,40.08685714285714,0.03125,1,1
2022-12-28,68,40.92065217391304,0.058823529411764705,1,1
2022-12-29,65,41.5469696969697,0.0,1,1
2022-12-30,63,55.8735,0.031746031746031744,1,1
2022-12-31,63,40.86081081081081,0.06349206349206349,1,1
2023-01-01,77,48.29288888888888,0.06493506493506493,1,1
2023-01-02,68,50.99974358974359,0.058823529411764705,1,1
2023-01-03,68,36.263888888888886,0.058823529411764705,1,1
2023-01-04,73,42.39425,0.0684931506849315,1,1
2023-01-05,56,54.31823529411764,0.05357142857142857,1,1
2023-01-06,50,49.926249999999996,0.06,1,1
2023-01-07,69,35.846382978723405,0.13043478260869565,-1,-1
2023-01-08,71,46.62564102564103,0.07042253521126761,1,1
2023-01-09,64,48.18186046511628,0.03125,1,1
2023-01-10,55,48.08354838709677,0.03636363636363636,1,1
2023-01-11,74,57.48500000000001,0.02702702702702703,1,1
2023-01-12,63,39.363,0.015873015873015872,1,1
2023-01-13,66,41.20648648648649,0.045454545454545456,1,1
2023-01-14,63,44.76828571428571,0.06349206349206349,1,1
2023-01-15,68,38.503846153846155,0.058823529411764705,1,1
2023-01-16,72,40.62086956521739,0.05555555555555555,1,1
2023-01-17,60,62.46424242424243,0.08333333333333333,1,1
2023-01-18,78,37.380196078431375,0.0641025641025641,1,1
2023-01-19,72,37.66681818181818,0.013888888888888888,1,1
2023-01-20,75,53.188048780487804,0.08,1,1
2023-01-21,66,42.99341463414634,0.06060606060606061,1,1
2023-01-22,64,49.01953488372094,0.0625,1,1
2023-01-23,66,36.286,0.0,1,1
2023-01-24,83,55.15981132075471,0.060240963855421686,1,1
2023-01-25,76,54.90679245283019,0.07894736842105263,1,1
2023-01-26,65,39.74194444444444,0.1076923076923077,1,1
2023-01-27,53,38.74305555555556,0.03773584905660377,1,1
2023-01-28,62,51.09548387096774,0.08064516129032258,1,1
2023-01-29,56,44.241470588235295,0.017857142857142856,1,1
2023-01-30,62,34.05657142857143,0.04838709677419355,1,1
2023-01-31,73,39.192564102564106,0.0684931506849315,1,1
2023-02-01,72,64.97775,0.041666666666666664,1,1
2023-02-02,78,37.683076923076925,0.038461538461538464,1,1
2023-02-03,60,50.24179487179487,0.03333333333333333,1,1
2023-02-04,61,40.235,0.04918032786885246,1,1
2023-02-05,73,59.18933333333333,0.0547945205479452,1,1
2023-02-06,76,32.8353488372093,0.02631578947368421,1,1
2023-02-07,90,47.28470588235294,0.07777777777777778,1,1
2023-02-08,72,36.15446808510638,0.027777777777777776,1,1
2023-02-09,66,47.084736842105265,0.015151515151515152,1,1
2023-02-10,68,46.31357142857143,0.029411764705882353,1,1
2023-02-11,73,47.53181818181818,0.0410958904109589,1,1
2023-02-12,87,52.25810344827587,0.011494252873563218,-1,1
2023-02-13,64,46.830000000000005,0.03125,1,1
2023-02-14,64,37.00279069767441,0.078125,1,1
2023-02-15,70,42.05847826086956,0.014285714285714285,1,1
2023-02-16,68,45.151538461538465,0.07352941176470588,1,1
2023-02-17,66,41.8995,0.09090909090909091,1,1
2023-02-18,71,44.06634146341464,0.028169014084507043,1,1
2023-02-19,65,43.79184210526316,0.03076923076923077,1,1
2023-02-20,69,38.0375,0.043478260869565216,1,1
2023-02-21,77,49.08387755102041,0.07792207792207792,1,1
2023-02-22,68,49.0455,0.04411764705882353,1,1
2023-02-23,68,43.01974358974359,0.014705882352941176,1,1
2023-02-24,68,48.88565217391305,0.0,1,1
2023-02-25,81,48.874583333333334,0.024691358024691357,1,1
2023-02-26,62,44.391666666666666,0.016129032258064516,1,1
2023-02-27,64,30.383125,0.046875,1,1
2023-02-28,77,37.60134615384615,0.06493506493506493,1,1
2023-03-01,69,55.43051282051282,0.043478260869565216,1,1
2023-03-02,58,49.6175,0.06896551724137931,1,1
2023-03-03,75,51.54191489361702,0.06666666666666667,1,1
2023-03-04,61,34.72560975609756,0.03278688524590164,1,1
2023-03-05,65,47.58609756097561,0.046153846153846156,1,1
2023-03-06,61,71.6765,0.04918032786885246,-1,-1
2023-03-07,63,39.310731707317075,0.031746031746031744,1,1
2023-03-08,53,34.84885714285714,0.11320754716981132,-1,1
2023-03-09,74,37.32681818181818,0.02702702702702703,1,1
2023-03-10,59,44.50052631578947,0.05084745762711865,1,1
2023-03-11,68,38.32434782608696,0.08823529411764706,1,1
2023-03-12,71,52.2292,0.04225352112676056,1,1
2023-03-13,86,48.300200000000004,0.05813953488372093,1,1
2023-03-14,74,32.05020833333334,0.0945945945945946,1,-1
2023-03-15,81,49.34342105263158,0.037037037037037035,1,1
2023-03-16,71,39.742558139534886,0.028169014084507043,1,1
2023-03-17,63,37.549523809523805,0.047619047619047616,1,1
2023-03-18,68,50.31311111111111,0.0,1,1
2023-03-19,68,40.67722222222223,0.08823529411764706,1,1
2023-03-20,81,49.365306122448985,0.07407407407407407,1,1
2023-03-21,70,52.69227272727273,0.05714285714285714,1,1
2023-03-22,82,48.113035714285715,0.07317073170731707,1,1
2023-03-23,68,51.52222222222222,0.014705882352941176,1,1
2023-03-24,56,29.92758620689655,0.017857142857142856,1,-1
2023-03-25,78,45.22,0.08974358974358974,1,1
2023-03-26,84,41.67962264150943,0.03571428571428571,1,1
2023-03-27,57,39.314,0.05263157894736842,1,1
2023-03-28,93,50.095666666666666,0.053763440860215055,-1,-1
2023-03-29,68,57.20171428571428,0.029411764705882353,1,1
2023-03-30,59,56.366499999999995,0.0847457627118644,1,1
2023-03-31,64,55.0255,0.0,1,1
2023-04-01,50,34.19666666666667,0.06,1,-1
2023-04-02,81,51.79327272727273,0.06172839506172839,1,1
2023-04-03,82,53.9165,0.036585365853658534,1,1
2023-04-04,75,36.07568181818181,0.013333333333333334,1,1
2023-04-05,70,43.28511627906977,0.05714285714285714,1,1
2023-04-06,63,45.404,0.031746031746031744,1,1
2023-04-07,66,58.62891891891892,0.030303030303030304,1,1
2023-04-08,60,39.46384615384615,0.016666666666666666,1,1
2023-04-09,71,42.939166666666665,0.028169014084507043,1,1
2023-04-10,64,46.957142857142856,0.09375,1,1
2023-04-11,63,37.07023255813954,0.031746031746031744,1,1
2023-04-12,75,35.614444444444445,0.06666666666666667,1,1
2023-04-13,68,28.671749999999996,0.07352941176470588,1,1
2023-04-14,58,38.63111111111111,0.05172413793103448,1,1
2023-04-15,57,53.524,0.07017543859649122,1,1
2023-04-16,74,42.056400000000004,0.04054054054054054,1,1
2023-04-17,76,51.87022222222222,0.10526315789473684,1,1
2023-04-18,72,44.326730769230764,0.013888888888888888,1,1
2023-04-19,65,28.159166666666668,0.046153846153846156,1,1
2023-04-20,55,46.504411764705885,0.03636363636363636,1,1
2023-04-21,65,30.89428571428571,0.015384615384615385,1,1
2023-04-22,64,57.886,0.109375,1,1
2023-04-23,68,42.36825,0.10294117647058823,1,1
2023-04-24,80,25.680857142857143,0.0375,-1,-1
2023-04-25,67,43.64523809523809,0.04477611940298507,1,1
2023-04-26,77,47.74604166666666,0.03896103896103896,1,1
2023-04-27,74,36.78454545454545,0.04054054054054054,1,1
2023-04-28,62,59.83216216216216,0.03225806451612903,1,1
2023-04-29,70,39.13046511627907,0.014285714285714285,1,1
2023-04-30,67,46.95111111111111,0.029850746268656716,1,1
2023-05-01,51,40.205,0.0196078431372549,1,1
2023-05-02,82,49.27688888888889,0.04878048780487805,1,1
2023-05-03,65,36.36595238095238,0.046153846153846156,1,1
2023-05-04,73,42.44461538461538,0.0410958904109589,1,1
2023-05-05,69,52.98489361702128,0.043478260869565216,1,1
2023-05-06,61,46.813428571428574,0.03278688524590164,1,1
2023-05-07,52,52.27275862068966,0.11538461538461539,-1,-1
2023-05-08,66,46.84268292682927,0.015151515151515152,1,1
2023-05-09,59,58.418787878787874,0.06779661016949153,1,1
2023-05-10,74,33.99111111111111,0.02702702702702703,1,1
2023-05-11,68,38.67125,0.07352941176470588,1,1
2023-05-12,65,56.88363636363636,0.09230769230769231,1,1
2023-05-13,76,38.145106382978724,0.05263157894736842,1,1
2023-05-14,61,46.6425,0.08196721311475409,1,1
2023-05-15,65,37.205263157894734,0.03076923076923077,1,1
2023-05-16,60,39.04725,0.03333333333333333,1,1
2023-05-17,71,56.82166666666667,0.07042253521126761,1,1
2023-05-18,77,55.19590909090909,0.06493506493506493,1,1
2023-05-19,84,45.306041666666665,0.07142857142857142,1,1
2023-05-20,61,46.06857142857143,0.06557377049180328,1,1
2023-05-21,65,44.19974358974359,0.03076923076923077,1,1
2023-05-22,64,39.43578947368421,0.0625,1,1
2023-05-23,71,48.36261904761905,0.07042253521126761,1,1
2023-05-24,72,36.75833333333333,0.0,1,1
2023-05-25,59,42.72210526315789,0.06779661016949153,1,1
2023-05-26,76,57.758863636363635,0.06578947368421052,1,1
2023-05-27,73,44.33549019607843,0.0273972602739726,1,1
2023-05-28,70,40.33860465116279,0.014285714285714285,1,1
2023-05-29,57,59.13926829268293,0.03508771929824561,1,1
2023-05-30,58,40.81025641025641,0.034482758620689655,1,1
2023-05-31,61,43.525,0.06557377049180328,1,1
2023-06-01,70,62.86114285714285,0.1,-1,1
2023-06-02,71,41.822325581395354,0.04225352112676056,1,1
2023-06-03,62,44.77853658536585,0.11290322580645161,1,1
2023-06-04,56,37.42135135135135,0.017857142857142856,1,1
2023-06-05,91,49.45288461538462,0.03296703296703297,1,1
2023-06-06,58,61.14518518518519,0.1206896551724138,-1,-1
2023-06-07,75,38.694,0.0,1,1
2023-06-08,75,46.028510638297874,0.05333333333333334,1,1
2023-06-09,59,48.96727272727273,0.01694915254237288,1,1
2023-06-10,67,41.22777777777778,0.0,1,1
2023-06-11,55,48.774571428571434,0.12727272727272726,-1,-1
2023-06-12,53,41.291515151515156,0.07547169811320754,1,1
2023-06-13,65,38.469166666666666,0.046153846153846156,1,1
2023-06-14,68,39.6625,0.04411764705882353,1,1
2023-06-15,62,32.529411764705884,0.016129032258064516,1,1
2023-06-16,70,48.542857142857144,0.08571428571428572,1,1
2023-06-17,66,42.45125,0.045454545454545456,1,1
2023-06-18,59,54.341842105263154,0.05084745762711865,1,1
2023-06-19,62,52.77578947368421,0.0967741935483871,1,1
2023-06-20,67,64.40666666666667,0.07462686567164178,1,1
2023-06-21,80,41.06755555555556,0.0625,1,1
2023-06-22,70,47.96729729729729,0.04285714285714286,1,1
2023-06-23,62,65.94882352941175,0.03225806451612903,1,1
2023-06-24,85,39.30698113207547,0.07058823529411765,1,1
2023-06-25,66,44.25657894736842,0.06060606060606061,1,1
2023-06-26,74,53.29325581395349,0.13513513513513514,-1,-1
2023-06-27,84,32.166744186046515,0.047619047619047616,1,-1
2023-06-28,67,55.484102564102564,0.07462686567164178,1,1
2023-06-29,64,40.81371428571428,0.125,-1,-1
2023-06-30,75,42.221886792452835,0.05333333333333334,1,1
2023-07-01,75,39.815333333333335,0.08,1,1
2023-07-02,68,37.95906976744186,0.029411764705882353,1,1
2023-07-03,82,36.74046511627907,0.07317073170731707,1,1
2023-07-04,86,45.7184,0.011627906976744186,1,1
2023-07-05,78,47.372549019607845,0.038461538461538464,1,1
2023-07-06,86,45.19654545454545,0.03488372093023256,1,1
2023-07-07,57,60.48625,0.05263157894736842,1,1
2023-07-08,74,43.22914893617021,0.06756756756756757,1,1
2023-07-09,69,46.6,0.057971014492753624,1,1
2023-07-10,76,45.121956521739136,0.06578947368421052,1,1
2023-07-11,67,37.240212765957445,0.04477611940298507,1,1
2023-07-12,72,40.88122448979592,0.041666666666666664,1,1
2023-07-13,73,44.2145,0.0410958904109589,1,1
2023-07-14,81,52.2386,0.024691358024691357,1,1
2023-07-15,72,37.53622222222222,0.027777777777777776,1,1
2023-07-16,92,46.919999999999995,0.05434782608695652,-1,1
2023-07-17,64,30.350526315789473,0.015625,1,1
2023-07-18,75,44.54416666666666,0.013333333333333334,1,1
2023-07-19,63,43.43675,0.06349206349206349,1,1
2023-07-20,57,59.4140625,0.07017543859649122,1,1
2023-07-21,67,52.335,0.04477611940298507,1,1
2023-07-22,69,60.4896875,0.014492753623188406,1,1
2023-07-23,73,57.655227272727274,0.0958904109589041,1,1
2023-07-24,78,34.17790697674419,0.01282051282051282,1,1
2023-07-25,77,48.24823529411765,0.012987012987012988,1,1
2023-07-26,57,44.768780487804875,0.05263157894736842,1,1
2023-07-27,66,45.50829268292683,0.045454545454545456,1,1
2023-07-28,93,40.6062,0.07526881720430108,-1,-1
2023-07-29,78,51.82951219512196,0.0641025641025641,1,1
2023-07-30,69,47.88676470588236,0.057971014492753624,1,1
2023-07-31,69,53.825,0.043478260869565216,1,1
2023-08-01,58,37.00457142857143,0.0,1,1
2023-08-02,74,34.70195652173913,0.06756756756756757,1,1
2023-08-03,63,45.814324324324325,0.047619047619047616,1,1
2023-08-04,71,41.39083333333333,0.028169014084507043,1,1
2023-08-05,76,48.35125,0.06578947368421052,1,1
2023-08-06,63,34.10939393939394,0.047619047619047616,1,1
2023-08-07,61,34.39282608695652,0.08196721311475409,1,1
2023-08-08,71,50.64,0.04225352112676056,1,1
2023-08-09,73,62.36446808510639,0.0958904109589041,1,1
2023-08-10,64,53.79432432432433,0.09375,1,1
2023-08-11,66,52.51742857142857,0.06060606060606061,1,1
2023-08-12,62,52.552368421052634,0.04838709677419355,1,1
2023-08-13,56,33.78121212121212,0.0,-1,1
2023-08-14,49,44.11138888888889,0.061224489795918366,1,1
2023-08-15,71,56.900588235294116,0.028169014084507043,1,1
2023-08-16,58,44.79388888888889,0.06896551724137931,1,1
2023-08-17,74,49.986315789473686,0.04054054054054054,1,1
2023-08-18,72,40.79063829787234,0.06944444444444445,1,1
2023-08-19,74,46.940799999999996,0.02702702702702703,1,1
2023-08-20,68,42.79135135135135,0.08823529411764706,1,1
2023-08-21,64,44.123243243243245,0.078125,1,1
2023-08-22,60,48.95137931034483,0.016666666666666666,1,1
2023-08-23,73,36.90074074074074,0.0547945205479452,1,1
2023-08-24,72,53.85666666666666,0.05555555555555555,1,1
2023-08-25,77,43.02061224489796,0.03896103896103896,1,1
2023-08-26,78,57.18302325581395,0.0641025641025641,1,1
2023-08-27,78,56.40938775510204,0.08974358974358974,1,1
2023-08-28,65,44.703947368421055,0.06153846153846154,1,1
2023-08-29,67,41.50953488372093,0.08955223880597014,1,1
2023-08-30,68,31.459767441860464,0.07352941176470588,1,1
2023-08-31,72,54.97938775510204,0.041666666666666664,1,1
2023-09-01,54,49.1158064516129,0.07407407407407407,1,1
2023-09-02,76,44.56478260869565,0.05263157894736842,1,1
2023-09-03,82,37.638679245283015,0.036585365853658534,1,1
2023-09-04,77,48.91422222222222,0.05194805194805195,1,1
2023-09-05,75,41.166875,0.02666666666666667,1,1
2023-09-06,73,56.775454545454544,0.0273972602739726,1,1
2023-09-07,86,52.116136363636365,0.09302325581395349,-1,1
2023-09-08,61,33.80714285714286,0.04918032786885246,1,1
2023-09-09,65,41.39659090909091,0.046153846153846156,1,1
2023-09-10,76,41.504347826086956,0.039473684210526314,1,1
2023-09-11,73,63.686,0.0958904109589041,-1,1
2023-09-12,57,41.72866666666667,0.05263157894736842,1,1
2023-09-13,56,60.784666666666666,0.05357142857142857,1,1
2023-09-14,70,43.474489795918366,0.12857142857142856,-1,-1
2023-09-15,82,44.14823529411765,0.10975609756097561,1,-1
2023-09-16,58,60.308780487804874,0.034482758620689655,1,1
2023-09-17,67,42.24153846153846,0.08955223880597014,1,1
2023-09-18,61,49.68861111111111,0.04918032786885246,1,1
2023-09-19,76,30.895319148936167,0.039473684210526314,1,1
2023-09-20,72,53.621086956521744,0.013888888888888888,1,1
2023-09-21,71,35.69456521739131,0.04225352112676056,1,1
2023-09-22,70,37.47681818181818,0.0,1,1
2023-09-23,79,46.24,0.0379746835443038,1,1
2023-09-24,66,38.586341463414634,0.06060606060606061,1,1
2023-09-25,74,61.25155555555556,0.06756756756756757,1,1
2023-09-26,80,56.05478260869565,0.0625,1,1
2023-09-27,62,47.98277777777778,0.06451612903225806,1,1
2023-09-28,55,48.926764705882356,0.03636363636363636,1,1
2023-09-29,74,58.4655,0.08108108108108109,1,1
2023-09-30,76,48.859111111111105,0.06578947368421052,1,1
2023-10-01,67,52.53116279069768,0.014925373134328358,1,1
2023-10-02,82,49.08272727272727,0.07317073170731707,1,1
2023-10-03,54,44.791666666666664,0.09259259259259259,1,1
2023-10-04,79,36.291666666666664,0.12658227848101267,-1,-1
2023-10-05,73,55.87708333333333,0.0273972602739726,1,1
2023-10-06,82,36.1462,0.04878048780487805,1,1
2023-10-07,63,47.84095238095238,0.07936507936507936,1,1
2023-10-08,75,45.87634146341463,0.05333333333333334,1,1
2023-10-09,57,42.226129032258065,0.03508771929824561,1,1
2023-10-10,69,34.88444444444444,0.057971014492753624,1,1
2023-10-11,56,44.20513513513513,0.017857142857142856,1,1
2023-10-12,69,46.358125,0.014492753623188406,1,1
2023-10-13,75,37.32042553191489,0.06666666666666667,1,1
2023-10-14,63,35.79459459459459,0.047619047619047616,1,1
2023-10-15,67,37.24285714285714,0.05970149253731343,1,1
2023-10-16,77,50.8588,0.025974025974025976,1,1
2023-10-17,72,52.79739130434782,0.041666666666666664,1,1
2023-10-18,58,50.47974358974359,0.0,1,1
2023-10-19,60,37.42424242424242,0.03333333333333333,1,1
2023-10-20,77,46.89787234042553,0.07792207792207792,1,1
2023-10-21,71,36.14076923076923,0.028169014084507043,1,1
2023-10-22,65,37.472325581395346,0.015384615384615385,1,1
2023-10-23,59,42.62378378378378,0.06779661016949153,1,1
2023-10-24,65,48.347692307692306,0.07692307692307693,1,1
2023-10-25,75,35.43674418604651,0.08,1,1
2023-10-26,62,56.482926829268294,0.03225806451612903,1,1
2023-10-27,67,40.70725,0.04477611940298507,1,1
2023-10-28,75,52.13651162790698,0.04,1,1
2023-10-29,66,41.79190476190476,0.030303030303030304,1,1
2023-10-30,78,33.29666666666667,0.10256410256410256,1,-1
2023-10-31,63,27.359166666666667,0.015873015873015872,1,1
2023-11-01,75,44.59102564102564,0.04,1,1
2023-11-02,81,32.92345454545455,0.04938271604938271,1,1
2023-11-03,65,39.362702702702705,0.03076923076923077,1,1
2023-11-04,72,60.14243902439025,0.013888888888888888,1,1
2023-11-05,66,35.215348837209305,0.015151515151515152,1,1
2023-11-06,64,47.42,0.046875,1,1
2023-11-07,65,47.6815,0.06153846153846154,1,1
2023-11-08,68,30.072307692307692,0.058823529411764705,1,1
2023-11-09,73,47.33979591836735,0.0136986301369863,1,1
2023-11-10,71,54.303265306122455,0.028169014084507043,1,1
2023-11-11,67,40.574615384615385,0.04477611940298507,1,1
2023-11-12,60,48.864615384615384,0.06666666666666667,1,1
2023-11-13,57,45.88407407407408,0.03508771929824561,1,1
2023-11-14,74,50.267142857142865,0.04054054054054054,1,1
2023-11-15,63,48.32921052631579,0.06349206349206349,1,1
2023-11-16,59,54.61944444444444,0.05084745762711865,1,1
2023-11-17,77,37.73918367346939,0.03896103896103896,1,1
2023-11-18,63,48.51568181818182,0.09523809523809523,1,1
2023-11-19,73,32.470789473684206,0.0547945205479452,1,1
2023-11-20,71,52.542926829268296,0.056338028169014086,1,1
2023-11-21,70,41.33121951219512,0.1,1,1
2023-11-22,62,45.863055555555555,0.016129032258064516,1,1
2023-11-23,80,47.70686274509804,0.0375,1,1
2023-11-24,73,50.79565217391304,0.0547945205479452,1,1
2023-11-25,67,34.28375,0.014925373134328358,1,1
2023-11-26,62,45.97135135135135,0.08064516129032258,1,1
2023-11-27,72,42.51577777777778,0.09722222222222222,1,1
2023-11-28,71,44.75355555555556,0.028169014084507043,1,1
2023-11-29,65,46.739318181818184,0.046153846153846156,1,1
2023-11-30,59,53.53828571428571,0.05084745762711865,1,1
2023-12-01,68,42.394418604651165,0.029411764705882353,1,1
2023-12-02,73,44.41285714285714,0.0821917808219178,1,1
2023-12-03,68,38.78578947368421,0.11764705882352941,1,1
2023-12-04,73,49.65155555555556,0.0684931506849315,1,1
2023-12-05,66,65.69194444444445,0.07575757575757576,1,1
2023-12-06,66,46.18666666666667,0.030303030303030304,1,1
2023-12-07,70,43.72914893617021,0.07142857142857142,1,1
2023-12-08,69,39.28279069767442,0.07246376811594203,1,1
2023-12-09,68,56.164047619047615,0.014705882352941176,1,1
2023-12-10,76,38.43878048780488,0.039473684210526314,1,1
2023-12-11,60,45.092333333333336,0.1,1,1
2023-12-12,77,40.208260869565216,0.025974025974025976,1,1
2023-12-13,64,45.53945945945946,0.078125,1,1
2023-12-14,85,28.91625,0.07058823529411765,-1,-1
2023-12-15,79,45.000600000000006,0.05063291139240506,1,1
2023-12-16,65,37.27880952380953,0.03076923076923077,1,1
2023-12-17,80,35.0496,0.075,1,1
2023-12-18,92,49.427241379310345,0.043478260869565216,-1,1
2023-12-19,73,34.53522727272727,0.0684931506849315,1,1
2023-12-20,74,38.83651162790698,0.02702702702702703,1,1
2023-12-21,69,45.2503125,0.07246376811594203,1,1
2023-12-22,74,50.04266666666667,0.04054054054054054,1,1
2023-12-23,78,41.82061224489796,0.05128205128205128,1,1
2023-12-24,78,50.752916666666664,0.05128205128205128,1,1
2023-12-25,65,32.94720930232558,0.06153846153846154,1,1
2023-12-26,63,65.26875,0.015873015873015872,1,-1
2023-12-27,70,45.91641025641026,0.04285714285714286,1,1
2023-12-28,74,33.76266666666667,0.06756756756756757,1,1
2023-12-29,65,39.0675,0.07692307692307693,1,1
2023-12-30,59,36.09023809523809,0.05084745762711865,1,1
2023-12-31,56,33.88193548387097,0.05357142857142857,1,1
2024-01-01,76,47.83952380952381,0.039473684210526314,1,1
2024-01-02,80,43.78957446808511,0.05,1,1
2024-01-03,60,56.6196875,0.03333333333333333,1,1
2024-01-04,73,54.93086956521739,0.0821917808219178,1,1
2024-01-05,49,50.91580645161291,0.08163265306122448,1,1
2024-01-06,61,64.19171428571428,0.04918032786885246,1,1
2024-01-07,50,60.1859375,0.08,-1,-1
2024-01-08,64,36.199512195121955,0.03125,1,1
2024-01-09,70,43.74692307692308,0.04285714285714286,1,1
2024-01-10,75,40.919318181818184,0.04,1,1
2024-01-11,67,36.64545454545455,0.07462686567164178,1,1
2024-01-12,71,45.733023255813954,0.08450704225352113,1,1
2024-01-13,64,44.040975609756096,0.03125,1,1
2024-01-14,80,39.505,0.0375,1,1
2024-01-15,68,42.51731707317073,0.014705882352941176,1,1
2024-01-16,69,34.33439024390244,0.043478260869565216,1,1
2024-01-17,77,34.964318181818186,0.05194805194805195,1,1
2024-01-18,77,44.12130434782608,0.1038961038961039,1,1
2024-01-19,75,33.914,0.04,1,1
2024-01-20,74,49.253913043478256,0.04054054054054054,1,1
2024-01-21,65,37.264047619047616,0.046153846153846156,1,1
2024-01-22,72,59.486666666666665,0.041666666666666664,1,1
2024-01-23,82,39.136428571428574,0.06097560975609756,1,1
2024-01-24,67,47.15238095238095,0.0,1,1
2024-01-25,62,42.77368421052632,0.04838709677419355,1,1
2024-01-26,72,42.1195,0.05555555555555555,1,1
2024-01-27,83,48.111,0.07228915662650602,1,1
2024-01-28,67,37.17116279069767,0.014925373134328358,1,1
2024-01-29,74,46.5725,0.04054054054054054,1,1
2024-01-30,66,43.93052631578947,0.07575757575757576,1,1
2024-01-31,71,46.30863636363636,0.014084507042253521,1,1
2024-02-01,74,33.24829268292683,0.06756756756756757,1,1
2024-02-02,66,47.47767441860465,0.030303030303030304,1,1
2024-02-03,65,40.80093023255814,0.06153846153846154,1,1
2024-02-04,76,50.545869565217394,0.039473684210526314,1,1
2024-02-05,81,37.49021739130435,0.024691358024691357,1,1
2024-02-06,75,43.92980769230769,0.06666666666666667,1,1
2024-02-07,72,45.46688888888889,0.05555555555555555,1,1
2024-02-08,67,46.03342857142857,0.1044776119402985,1,1
2024-02-09,71,41.06739130434782,0.07042253521126761,1,1
2024-02-10,76,48.45,0.05263157894736842,1,1
2024-02-11,60,55.60088235294118,0.0,1,1
2024-02-12,82,57.67134615384615,0.012195121951219513,1,1
2024-02-13,58,37.991470588235295,0.0,1,1
2024-02-14,62,38.09888888888889,0.04838709677419355,1,1
2024-02-15,58,40.022285714285715,0.05172413793103448,1,1
2024-02-16,52,37.34321428571428,0.038461538461538464,1,1
2024-02-17,77,53.3454054054054,0.07792207792207792,1,1
2024-02-18,63,58.189189189189186,0.047619047619047616,1,1
2024-02-19,57,44.29783783783784,0.08771929824561403,1,1
2024-02-20,72,42.84625,0.05555555555555555,1,1
2024-02-21,65,41.71121212121212,0.046153846153846156,1,1
2024-02-22,77,43.62613636363636,0.07792207792207792,1,1
2024-02-23,61,45.47323529411764,0.04918032786885246,1,1
2024-02-24,76,40.76641025641026,0.039473684210526314,1,1
2024-02-25,77,30.544666666666668,0.025974025974025976,1,1
2024-02-26,57,49.1309756097561,0.05263157894736842,1,1
2024-02-27,66,51.76121212121212,0.045454545454545456,1,1
2024-02-28,72,51.59142857142857,0.05555555555555555,1,1
2024-02-29,61,37.39707317073171,0.08196721311475409,1,1
2024-03-01,63,37.03473684210526,0.031746031746031744,1,1
2024-03-02,63,36.67363636363636,0.06349206349206349,1,1
2024-03-03,67,44.72651162790698,0.05970149253731343,1,1
2024-03-04,71,62.210465116279074,0.014084507042253521,1,1
2024-03-05,66,48.3321052631579,0.07575757575757576,1,1
2024-03-06,79,44.156470588235294,0.0759493670886076,1,1
2024-03-07,66,39.276923076923076,0.030303030303030304,1,1
2024-03-08,51,43.169000000000004,0.0,-1,1
2024-03-09,59,31.378529411764703,0.01694915254237288,1,1
2024-03-10,68,37.21375,0.058823529411764705,1,1
2024-03-11,70,42.87023809523809,0.05714285714285714,1,1
2024-03-12,74,42.15489361702127,0.04054054054054054,1,1
2024-03-13,57,41.90189189189189,0.0,1,1
2024-03-14,72,32.14431818181818,0.041666666666666664,1,1
2024-03-15,80,49.285384615384615,0.05,1,1
2024-03-16,74,52.75276595744681,0.013513513513513514,1,1
2024-03-17,71,40.393913043478264,0.04225352112676056,1,1
2024-03-18,77,42.80025,0.025974025974025976,1,1
2024-03-19,65,49.04738095238095,0.03076923076923077,1,1
2024-03-20,61,36.659142857142854,0.04918032786885246,1,1
2024-03-21,61,51.97025641025641,0.08196721311475409,1,1
2024-03-22,70,46.02636363636364,0.07142857142857142,1,1
2024-03-23,78,50.64148936170213,0.0641025641025641,1,1
2024-03-24,65,45.604565217391304,0.07692307692307693,1,1
2024-03-25,71,44.92130434782609,0.056338028169014086,1,1
2024-03-26,62,40.464999999999996,0.06451612903225806,1,1
2024-03-27,79,61.85608695652174,0.06329113924050633,1,1
2024-03-28,72,43.043255813953486,0.08333333333333333,1,1
2024-03-29,62,51.31189189189189,0.08064516129032258,1,1
2024-03-30,66,53.29232558139535,0.015151515151515152,1,1
2024-03-31,62,42.181315789473686,0.03225806451612903,1,1
2024-04-01,78,48.69152173913044,0.038461538461538464,1,1
2024-04-02,63,36.135714285714286,0.06349206349206349,1,1
2024-04-03,65,39.23358974358975,0.03076923076923077,1,1
2024-04-04,86,39.2234,0.05813953488372093,1,1
2024-04-05,53,40.377419354838715,0.09433962264150944,1,1
2024-04-06,74,59.894444444444446,0.06756756756756757,1,1
2024-04-07,65,52.260000000000005,0.07692307692307693,1,1
2024-04-08,59,40.60257142857142,0.05084745762711865,1,1
2024-04-09,60,42.872,0.11666666666666667,1,1
2024-04-10,72,38.093023255813954,0.041666666666666664,1,1
2024-04-11,67,36.97785714285714,0.05970149253731343,1,1
2024-04-12,73,59.77245283018868,0.0273972602739726,1,1
2024-04-13,56,53.40382352941177,0.017857142857142856,1,1
2024-04-14,68,35.28783783783784,0.08823529411764706,1,1
2024-04-15,67,34.91354166666667,0.014925373134328358,1,1
2024-04-16,75,40.039791666666666,0.02666666666666667,1,1
2024-04-17,81,50.873673469387754,0.06172839506172839,1,1
2024-04-18,68,40.5747619047619,0.029411764705882353,1,1
2024-04-19,77,45.95183673469388,0.025974025974025976,1,1
2024-04-20,70,42.49901960784313,0.07142857142857142,1,1
2024-04-21,63,56.4753488372093,0.015873015873015872,1,1
2024-04-22,73,55.65447368421052,0.0410958904109589,1,1
2024-04-23,63,38.29243243243243,0.09523809523809523,1,1
2024-04-24,71,32.05769230769231,0.07042253521126761,1,1
2024-04-25,72,48.283,0.09722222222222222,1,1
2024-04-26,81,42.65089285714286,0.06172839506172839,1,1
2024-04-27,71,31.07431818181818,0.04225352112676056,1,1
2024-04-28,81,36.212678571428576,0.04938271604938271,1,1
2024-04-29,64,50.447941176470586,0.046875,1,1
2024-04-30,62,52.098285714285716,0.08064516129032258,1,1
2024-05-01,72,53.19333333333333,0.06944444444444445,1,1
2024-05-02,67,60.083999999999996,0.029850746268656716,1,1
2024-05-03,75,43.06947368421052,0.05333333333333334,1,1
2024-05-04,73,37.717837837837834,0.0547945205479452,1,1
2024-05-05,60,36.18966666666667,0.0,1,1
2024-05-06,70,57.68586956521739,0.04285714285714286,1,1
2024-05-07,73,42.044,0.0273972602739726,1,1
2024-05-08,59,47.56138888888889,0.0847457627118644,1,1
2024-05-09,66,43.977714285714285,0.030303030303030304,1,1
2024-05-10,65,33.49684210526316,0.015384615384615385,1,1
2024-05-11,68,49.360652173913046,0.058823529411764705,1,1
2024-05-12,77,46.13285714285715,0.03896103896103896,1,1
2024-05-13,53,32.06111111111111,0.03773584905660377,1,1
2024-05-14,66,45.03184210526316,0.015151515151515152,1,1
2024-05-15,74,57.44116279069768,0.06756756756756757,1,1
2024-05-16,79,38.986326530612246,0.0379746835443038,1,1
2024-05-17,70,54.40645833333334,0.04285714285714286,1,1
2024-05-18,74,46.425399999999996,0.04054054054054054,1,1
2024-05-19,73,46.570263157894736,0.0821917808219178,1,1
2024-05-20,75,31.647045454545456,0.08,1,1
2024-05-21,83,38.55509433962264,0.08433734939759036,1,1
2024-05-22,60,41.034193548387094,0.11666666666666667,1,1
2024-05-23,75,47.147555555555556,0.08,1,1
2024-05-24,65,55.255,0.07692307692307693,1,1
2024-05-25,68,52.32782608695652,0.058823529411764705,1,1
2024-05-26,57,38.987631578947365,0.07017543859649122,1,1
2024-05-27,72,50.6874358974359,0.09722222222222222,1,1
2024-05-28,68,49.74974358974359,0.04411764705882353,1,1
2024-05-29,66,44.53775,0.030303030303030304,1,1
2024-05-30,78,62.853846153846156,0.02564102564102564,1,-1
2024-05-31,78,38.76347826086956,0.01282051282051282,1,1
2024-06-01,70,57.091351351351356,0.02857142857142857,1,1
2024-06-02,69,53.4909756097561,0.043478260869565216,1,1
2024-06-03,54,44.587105263157895,0.05555555555555555,1,1
2024-06-04,71,56.74452380952381,0.11267605633802817,1,1
2024-06-05,69,29.21333333333333,0.028985507246376812,1,1
2024-06-06,61,26.665142857142857,0.06557377049180328,1,-1
2024-06-07,64,43.89780487804878,0.046875,1,1
2024-06-08,69,60.55291666666667,0.057971014492753624,1,1
2024-06-09,64,38.50894736842105,0.0625,1,1
2024-06-10,62,43.380270270270266,0.0967741935483871,1,1
2024-06-11,69,43.263636363636365,0.028985507246376812,1,1
2024-06-12,67,38.072272727272725,0.029850746268656716,1,1
2024-06-13,65,39.720512820512816,0.03076923076923077,1,1
2024-06-14,75,44.79560975609756,0.013333333333333334,1,1
2024-06-15,73,34.266976744186046,0.0273972602739726,1,1
2024-06-16,73,35.939772727272725,0.0136986301369863,1,1
2024-06-17,76,48.72229166666667,0.0,1,1
2024-06-18,63,50.13605263157895,0.031746031746031744,1,1
2024-06-19,64,40.45342857142857,0.03125,1,1
2024-06-20,77,51.78531914893617,0.05194805194805195,1,1
2024-06-21,66,42.45046511627907,0.07575757575757576,1,1
2024-06-22,65,63.718636363636364,0.03076923076923077,1,1
2024-06-23,73,54.12604651162791,0.0410958904109589,1,1
2024-06-24,79,37.827021276595744,0.05063291139240506,1,1
2024-06-25,63,50.35588235294117,0.047619047619047616,1,1
2024-06-26,61,45.637567567567565,0.04918032786885246,1,1
2024-06-27,74,42.24047619047619,0.04054054054054054,1,1
2024-06-28,58,39.36588235294118,0.017241379310344827,1,1
2024-06-29,81,38.831199999999995,0.024691358024691357,1,1
2024-06-30,52,45.64433333333333,0.11538461538461539,-1,1
2024-07-01,77,52.06384615384616,0.07792207792207792,1,1
2024-07-02,69,47.55808510638298,0.043478260869565216,1,1
2024-07-03,65,38.49384615384616,0.1076923076923077,1,1
2024-07-04,61,31.308857142857143,0.01639344262295082,1,1
2024-07-05,60,62.04108108108108,0.05,1,1
2024-07-06,70,57.335,0.05714285714285714,1,1
2024-07-07,73,46.377105263157894,0.0958904109589041,1,1
2024-07-08,62,42.93105263157894,0.04838709677419355,1,1
2024-07-09,79,42.826727272727275,0.06329113924050633,1,1
2024-07-10,80,47.78297872340426,0.1125,1,-1
2024-07-11,72,40.221199999999996,0.06944444444444445,1,1
2024-07-12,54,41.42324324324325,0.018518518518518517,1,1
2024-07-13,60,50.067,0.05,1,1
2024-07-14,61,44.99684210526316,0.01639344262295082,1,1
2024-07-15,69,50.782444444444444,0.014492753623188406,1,1
2024-07-16,73,35.25589743589744,0.0958904109589041,1,1
2024-07-17,69,54.19129032258065,0.043478260869565216,1,1
2024-07-18,72,50.30860465116279,0.05555555555555555,1,1
2024-07-19,61,34.038947368421056,0.03278688524590164,1,1
2024-07-20,74,30.522954545454546,0.02702702702702703,1,1
2024-07-21,59,45.19161290322581,0.0847457627118644,1,1
2024-07-22,61,66.50425,0.03278688524590164,1,1
2024-07-23,83,59.7302,0.04819277108433735,1,1
2024-07-24,65,40.99075,0.06153846153846154,1,1
2024-07-25,76,45.140625,0.05263157894736842,1,1
2024-07-26,64,35.94086956521739,0.03125,1,1
2024-07-27,70,40.97170731707317,0.07142857142857142,1,1
2024-07-28,79,52.74333333333333,0.0379746835443038,1,1
2024-07-29,59,32.96972972972973,0.0847457627118644,1,1
2024-07-30,77,35.47479166666667,0.03896103896103896,1,1
2024-07-31,60,45.66558823529412,0.05,1,1
2024-08-01,64,44.623684210526314,0.03125,1,1
2024-08-02,69,39.95122448979592,0.043478260869565216,1,1
2024-08-03,72,52.70666666666667,0.041666666666666664,1,1
2024-08-04,70,39.47435897435897,0.05714285714285714,1,1
2024-08-05,66,44.2366037735849,0.030303030303030304,1,1
2024-08-06,83,51.70333333333333,0.07228915662650602,1,1
2024-08-07,81,35.97839999999999,0.07407407407407407,1,1
2024-08-08,72,47.615,0.013888888888888888,1,1
2024-08-09,69,36.10948717948718,0.07246376811594203,1,1
2024-08-10,60,51.63441176470588,0.016666666666666666,1,1
2024-08-11,64,56.17368421052631,0.0625,1,1
2024-08-12,80,41.74212765957447,0.0625,1,1
2024-08-13,70,41.446444444444445,0.08571428571428572,1,1
2024-08-14,74,48.65295454545455,0.013513513513513514,1,1
2024-08-15,70,50.884324324324325,0.014285714285714285,1,1
2024-08-16,89,60.34074074074074,0.0449438202247191,-1,-1
2024-08-17,79,44.626444444444445,0.10126582278481013,1,1
2024-08-18,85,40.111162790697676,0.011764705882352941,1,1
2024-08-19,70,51.01894736842105,0.04285714285714286,1,1
2024-08-20,64,48.60230769230769,0.046875,1,1
2024-08-21,70,61.54410256410256,0.04285714285714286,1,1
2024-08-22,67,39.61325581395349,0.04477611940298507,1,1
2024-08-23,65,49.27075,0.07692307692307693,1,1
2024-08-24,66,46.96190476190476,0.06060606060606061,1,1
2024-08-25,60,40.93764705882353,0.08333333333333333,1,1
2024-08-26,74,30.55744186046512,0.02702702702702703,1,1
2024-08-27,76,39.583653846153844,0.07894736842105263,1,1
2024-08-28,74,46.60425,0.06756756756756757,1,1
2024-08-29,82,44.981147540983606,0.024390243902439025,1,1
2024-08-30,65,46.01475,0.06153846153846154,1,1
2024-08-31,61,55.982121212121214,0.09836065573770492,1,1
2024-09-01,60,40.34119047619048,0.03333333333333333,1,1
2024-09-02,64,35.281621621621625,0.03125,1,1
2024-09-03,71,33.188039215686274,0.08450704225352113,1,1
2024-09-04,64,41.50648648648649,0.0625,1,1
2024-09-05,61,40.603529411764704,0.04918032786885246,1,1
2024-09-06,66,56.174285714285716,0.030303030303030304,1,1
2024-09-07,73,36.244864864864866,0.0684931506849315,1,1
2024-09-08,59,57.93666666666666,0.01694915254237288,1,1
2024-09-09,78,53.970444444444446,0.01282051282051282,1,1
2024-09-10,66,61.3093023255814,0.045454545454545456,1,1
2024-09-11,65,53.194761904761904,0.07692307692307693,1,1
2024-09-12,52,50.947419354838715,0.09615384615384616,1,1
2024-09-13,67,46.45368421052632,0.029850746268656716,1,1
2024-09-14,72,58.79769230769231,0.06944444444444445,1,1
2024-09-15,83,36.098,0.04819277108433735,1,1
2024-09-16,53,43.11071428571428,0.07547169811320754,1,1
2024-09-17,67,40.782,0.04477611940298507,1,1
2024-09-18,71,37.075106382978724,0.056338028169014086,1,1
2024-09-19,77,46.36829787234043,0.07792207792207792,1,1
2024-09-20,62,39.7009756097561,0.04838709677419355,1,1
2024-09-21,74,45.59981132075472,0.05405405405405406,1,1
2024-09-22,71,50.750652173913046,0.07042253521126761,1,1
2024-09-23,63,39.70431818181818,0.015873015873015872,1,1
2024-09-24,52,54.921290322580646,0.0,-1,-1
2024-09-25,63,33.226285714285716,0.07936507936507936,1,1
2024-09-26,59,46.276153846153846,0.06779661016949153,1,1
2024-09-27,72,44.297,0.05555555555555555,1,1
2024-09-28,73,36.85325581395349,0.0410958904109589,1,1
2024-09-29,77,49.254038461538464,0.025974025974025976,1,1
2024-09-30,66,48.80977272727273,0.045454545454545456,1,1
2024-10-01,64,41.678648648648654,0.015625,1,1
2024-10-02,58,39.03666666666667,0.0,1,1
2024-10-03,66,39.6355,0.07575757575757576,1,1
2024-10-04,76,54.801702127659574,0.07894736842105263,1,1
2024-10-05,72,40.90780487804878,0.041666666666666664,1,1
2024-10-06,65,58.28410256410256,0.015384615384615385,1,1
2024-10-07,62,39.78342857142857,0.016129032258064516,1,1
2024-10-08,73,49.59159090909091,0.0821917808219178,1,1
2024-10-09,62,45.347073170731704,0.03225806451612903,1,1
2024-10-10,92,42.40109090909091,0.09782608695652174,-1,-1
2024-10-11,73,53.540769230769236,0.0684931506849315,1,1
2024-10-12,79,56.344,0.06329113924050633,1,1
2024-10-13,74,35.21448979591837,0.04054054054054054,1,1
2024-10-14,71,40.7055,0.028169014084507043,1,1
2024-10-15,68,43.95305555555555,0.029411764705882353,1,1
2024-10-16,72,44.49088888888889,0.06944444444444445,1,1
2024-10-17,77,55.73291666666666,0.012987012987012988,1,1
2024-10-18,49,55.47689655172414,0.04081632653061224,1,-1
2024-10-19,74,60.325531914893624,0.06756756756756757,1,1
2024-10-20,65,53.52974358974359,0.03076923076923077,1,1
2024-10-21,67,31.770285714285716,0.11940298507462686,-1,-1
2024-10-22,64,58.846000000000004,0.046875,1,1
2024-10-23,48,37.5436,0.08333333333333333,-1,1
2024-10-24,66,48.69162162162162,0.06060606060606061,1,1
2024-10-25,66,37.81487179487179,0.07575757575757576,1,1
2024-10-26,72,40.26829268292683,0.06944444444444445,1,1
2024-10-27,64,46.67425,0.03125,1,1
2024-10-28,66,45.14263157894737,0.09090909090909091,1,1
2024-10-29,73,36.58,0.0547945205479452,1,1
2024-10-30,47,49.1284375,0.06382978723404255,1,1
2024-10-31,72,59.4568,0.013888888888888888,1,1
2024-11-01,63,55.9147619047619,0.047619047619047616,1,1
2024-11-02,54,48.68653846153847,0.07407407407407407,1,1
2024-11-03,62,38.99970588235294,0.06451612903225806,1,1
2024-11-04,75,35.62571428571429,0.08,1,1
2024-11-05,66,35.04526315789474,0.030303030303030304,1,1
2024-11-06,75,38.713191489361705,0.04,1,1
2024-11-07,70,44.08921052631579,0.04285714285714286,1,1
2024-11-08,86,42.922452830188675,0.03488372093023256,1,1
2024-11-09,62,40.42972972972973,0.08064516129032258,1,1
2024-11-10,67,52.66452380952381,0.07462686567164178,1,1
2024-11-11,88,45.76741379310345,0.03409090909090909,1,1
2024-11-12,70,48.41135135135135,0.02857142857142857,1,1
2024-11-13,68,42.68731707317073,0.10294117647058823,1,1
2024-11-14,60,50.74290322580645,0.016666666666666666,1,1
2024-11-15,82,39.26730769230769,0.06097560975609756,1,1
2024-11-16,58,48.659,0.06896551724137931,1,1
2024-11-17,78,33.64416666666667,0.05128205128205128,1,1
2024-11-18,69,63.06875,0.043478260869565216,1,1
2024-11-19,64,64.89874999999999,0.09375,-1,1
2024-11-20,70,45.99744680851064,0.04285714285714286,1,1
2024-11-21,60,47.98518518518518,0.05,1,1
2024-11-22,67,40.19195121951219,0.07462686567164178,1,1
2024-11-23,61,49.49307692307692,0.01639344262295082,1,1
2024-11-24,61,38.18,0.0,1,1
2024-11-25,71,44.86302325581395,0.04225352112676056,1,1
2024-11-26,84,43.79574074074075,0.023809523809523808,1,1
2024-11-27,66,29.34121951219512,0.045454545454545456,1,1
2024-11-28,69,66.38295454545454,0.043478260869565216,1,-1
2024-11-29,63,46.64068965517241,0.015873015873015872,1,1
2024-11-30,71,45.29615384615384,0.028169014084507043,1,1
2024-12-01,67,36.614615384615384,0.04477611940298507,1,1
2024-12-02,60,45.36525,0.05,1,1
2024-12-03,67,46.39125,0.04477611940298507,1,1
2024-12-04,74,40.074615384615385,0.06756756756756757,1,1
2024-12-05,52,53.4075,0.11538461538461539,-1,-1
2024-12-06,74,39.923541666666665,0.05405405405405406,1,1
2024-12-07,72,53.36042553191489,0.027777777777777776,1,1
2024-12-08,60,48.20295454545454,0.06666666666666667,1,1
2024-12-09,80,35.82711111111111,0.025,1,1
2024-12-10,58,33.59236842105263,0.08620689655172414,1,1
2024-12-11,78,41.79634615384615,0.07692307692307693,1,1
2024-12-12,70,61.696274509803914,0.02857142857142857,1,1
2024-12-13,80,34.11207547169811,0.025,1,1
2024-12-14,57,51.22027777777778,0.05263157894736842,1,1
2024-12-15,76,45.65560975609756,0.02631578947368421,1,1
2024-12-16,74,46.80205128205128,0.08108108108108109,1,1
2024-12-17,52,43.871515151515155,0.07692307692307693,1,1
2024-12-18,61,39.35028571428571,0.01639344262295082,1,1
2024-12-19,76,49.01523809523809,0.05263157894736842,1,1
2024-12-20,53,45.7716,0.05660377358490566,1,1
2024-12-21,82,51.97717391304347,0.024390243902439025,1,1
2024-12-22,72,40.94177777777777,0.027777777777777776,1,1
2024-12-23,69,32.275,0.043478260869565216,1,1
2024-12-24,66,54.53897435897436,0.06060606060606061,1,1
2024-12-25,86,53.48527272727273,0.08139534883720931,1,1
2024-12-26,62,35.1295,0.04838709677419355,1,1
2024-12-27,47,39.7640625,0.0425531914893617,-1,1
2024-12-28,72,39.06666666666667,0.08333333333333333,1,1
2024-12-29,65,42.06944444444444,0.046153846153846156,1,1
2024-12-30,59,47.57857142857143,0.0847457627118644,1,1
2024-12-31,63,42.64820512820513,0.031746031746031744,1,1
2025-01-01,72,42.267380952380954,0.027777777777777776,1,1
2025-01-02,72,41.56875,0.05555555555555555,1,1
2025-01-03,71,40.809230769230766,0.07042253521126761,1,1
2025-01-04,62,52.72093023255814,0.08064516129032258,1,1
2025-01-05,72,47.199512195121955,0.05555555555555555,1,1
2025-01-06,71,48.57380952380953,0.028169014084507043,1,1
2025-01-07,78,44.39730769230769,0.0,1,1
2025-01-08,82,41.83470588235294,0.036585365853658534,1,1
2025-01-09,78,42.989111111111114,0.05128205128205128,1,1
2025-01-10,81,46.18095238095238,0.012345679012345678,1,1
2025-01-11,53,31.633636363636366,0.05660377358490566,1,-1
2025-01-12,58,60.40028571428571,0.08620689655172414,1,1
2025-01-13,67,43.26652173913043,0.05970149253731343,1,1
2025-01-14,75,46.37571428571429,0.02666666666666667,1,1
2025-01-15,70,40.187555555555555,0.08571428571428572,1,1
2025-01-16,80,46.91347826086957,0.0375,1,1
2025-01-17,71,49.927083333333336,0.014084507042253521,1,1
2025-01-18,53,41.07107142857143,0.03773584905660377,1,1
2025-01-19,75,46.95136363636364,0.06666666666666667,1,1
2025-01-20,79,55.08837209302326,0.0379746835443038,1,1
2025-01-21,78,48.88288461538461,0.01282051282051282,1,1
2025-01-22,81,61.55309523809524,0.06172839506172839,1,1
2025-01-23,59,49.440909090909095,0.1016949152542373,1,1
2025-01-24,65,31.676666666666666,0.015384615384615385,1,1
2025-01-25,74,47.674375,0.06756756756756757,1,1
2025-01-26,74,33.54826086956522,0.04054054054054054,1,1
2025-01-27,55,49.57944444444444,0.03636363636363636,1,1
2025-01-28,60,57.12255813953488,0.05,1,1
2025-01-29,61,53.53071428571428,0.01639344262295082,1,1
2025-01-30,62,42.25323529411765,0.06451612903225806,1,1
2025-01-31,69,37.77682926829268,0.028985507246376812,1,1
2025-02-01,68,42.66527777777778,0.07352941176470588,1,1
2025-02-02,74,46.87595238095238,0.06756756756756757,1,1
2025-02-03,64,36.566500000000005,0.03125,1,1
2025-02-04,65,42.468048780487806,0.046153846153846156,1,1
2025-02-05,58,47.778285714285715,0.05172413793103448,1,1
2025-02-06,72,36.14448979591837,0.0,1,1
2025-02-07,62,45.35,0.0967741935483871,1,1
2025-02-08,76,37.91853658536586,0.06578947368421052,1,1
2025-02-09,66,48.550285714285714,0.030303030303030304,1,1
2025-02-10,75,57.68568181818182,0.02666666666666667,1,1
2025-02-11,65,34.0925641025641,0.07692307692307693,1,1
2025-02-12,59,43.23102564102564,0.0847457627118644,1,1
2025-02-13,73,36.5756862745098,0.0273972602739726,1,1
2025-02-14,70,45.9336,0.04285714285714286,1,1
2025-02-15,70,51.211951219512194,0.014285714285714285,1,1
2025-02-16,54,43.78657142857143,0.07407407407407407,1,1
2025-02-17,64,58.40027027027027,0.03125,1,1
2025-02-18,74,43.63551020408163,0.0945945945945946,1,1
2025-02-19,69,38.72392156862745,0.10144927536231885,1,1
2025-02-20,66,44.498378378378376,0.045454545454545456,1,1
2025-02-21,57,34.52815789473684,0.05263157894736842,1,1
2025-02-22,68,38.90921052631579,0.029411764705882353,1,1
2025-02-23,67,46.71136363636364,0.04477611940298507,1,1
2025-02-24,73,48.79484848484849,0.0547945205479452,1,1
2025-02-25,68,33.15622222222222,0.08823529411764706,1,1
2025-02-26,79,47.21936170212766,0.0379746835443038,1,1
2025-02-27,77,50.594255319148935,0.09090909090909091,1,1
2025-02-28,62,41.65870967741936,0.016129032258064516,1,1
2025-03-01,73,49.72780487804878,0.0684931506849315,1,1
2025-03-02,60,43.23882352941176,0.03333333333333333,1,1
2025-03-03,72,49.572916666666664,0.06944444444444445,1,1
2025-03-04,75,47.12869565217392,0.06666666666666667,1,1
2025-03-05,61,40.739761904761906,0.06557377049180328,1,1
2025-03-06,60,35.763000000000005,0.05,1,1
2025-03-07,77,51.60348837209303,0.025974025974025976,1,1
2025-03-08,67,36.06135135135135,0.05970149253731343,1,1
2025-03-09,59,44.125142857142855,0.1016949152542373,1,1
2025-03-10,64,35.753,0.03125,1,1
2025-03-11,76,45.59428571428572,0.07894736842105263,1,1
2025-03-12,78,56.25536585365853,0.07692307692307693,1,1
2025-03-13,72,36.55609756097561,0.027777777777777776,1,1
2025-03-14,67,30.716756756756755,0.029850746268656716,1,1
2025-03-15,59,44.905625,0.03389830508474576,1,1
2025-03-16,58,46.20285714285714,0.05172413793103448,1,1
2025-03-17,80,49.78375,0.0125,1,1
2025-03-18,67,42.20470588235294,0.029850746268656716,1,1
2025-03-19,58,57.97382352941177,0.06896551724137931,1,1
2025-03-20,71,42.19020408163266,0.028169014084507043,1,1
2025-03-21,61,60.78658536585366,0.06557377049180328,1,1
2025-03-22,69,41.54487804878048,0.057971014492753624,1,1
2025-03-23,74,43.12564102564103,0.04054054054054054,1,1
2025-03-24,74,43.15276595744681,0.05405405405405406,1,1
2025-03-25,67,42.792,0.07462686567164178,1,1
2025-03-26,72,50.101627906976745,0.08333333333333333,1,1
2025-03-27,74,49.82708333333333,0.10810810810810811,1,1
2025-03-28,58,39.51307692307692,0.034482758620689655,1,1
2025-03-29,95,37.267872340425534,0.021052631578947368,-1,-1
2025-03-30,69,42.927749999999996,0.07246376811594203,1,1
2025-03-31,62,43.15,0.08064516129032258,1,1
2025-04-01,65,37.21068181818182,0.0,1,1
2025-04-02,70,42.46,0.1,1,1
2025-04-03,70,47.44822222222222,0.05714285714285714,1,1
2025-04-04,72,40.3947619047619,0.06944444444444445,1,1
2025-04-05,73,37.21977777777778,0.0547945205479452,1,1
2025-04-06,63,41.51931034482759,0.031746031746031744,1,1
2025-04-07,49,39.30652173913043,0.10204081632653061,-1,1
2025-04-08,52,34.4675,0.07692307692307693,1,1
2025-04-09,76,51.97190476190477,0.05263157894736842,1,1
2025-04-10,83,54.80914893617022,0.0963855421686747,1,-1
2025-04-11,78,44.67,0.07692307692307693,1,1
2025-04-12,75,42.76279069767442,0.04,1,1
2025-04-13,60,48.28769230769231,0.05,1,1
2025-04-14,71,39.66181818181818,0.056338028169014086,1,1
2025-04-15,66,56.72918918918919,0.030303030303030304,1,1
2025-04-16,57,42.2815625,0.0,1,1
2025-04-17,70,55.922105263157896,0.08571428571428572,1,1
2025-04-18,79,45.1378431372549,0.11392405063291139,1,-1
2025-04-19,65,42.14769230769231,0.06153846153846154,1,1
2025-04-20,66,51.427567567567564,0.045454545454545456,1,1
2025-04-21,76,43.315,0.039473684210526314,1,1
2025-04-22,76,42.13727272727272,0.039473684210526314,1,1
2025-04-23,73,47.51,0.0410958904109589,1,1
2025-04-24,63,55.04264705882353,0.031746031746031744,1,1
2025-04-25,71,38.59179487179487,0.014084507042253521,1,1
2025-04-26,60,45.03674418604651,0.016666666666666666,1,1
2025-04-27,63,47.60659090909091,0.047619047619047616,1,1
2025-04-28,68,43.09529411764706,0.07352941176470588,1,1
2025-04-29,84,42.82156862745098,0.09523809523809523,1,-1
2025-04-30,64,41.98470588235294,0.0625,1,1
2025-05-01,67,40.94978723404255,0.05970149253731343,1,1
2025-05-02,73,37.198,0.0547945205479452,1,1
2025-05-03,73,54.47155555555556,0.0410958904109589,1,1
2025-05-04,72,48.61333333333333,0.027777777777777776,1,1
2025-05-05,77,42.975227272727274,0.06493506493506493,1,1
2025-05-06,76,42.49065217391304,0.05263157894736842,1,1
2025-05-07,82,37.221372549019605,0.08536585365853659,1,1
2025-05-08,79,43.567083333333336,0.012658227848101266,1,1
2025-05-09,47,48.26827586206896,0.10638297872340426,-1,-1
2025-05-10,67,48.334146341463416,0.014925373134328358,1,1
2025-05-11,65,56.369473684210526,0.06153846153846154,1,1
2025-05-12,63,55.80142857142857,0.07936507936507936,1,1
2025-05-13,62,32.86405405405405,0.0967741935483871,1,1
2025-05-14,71,42.11764705882353,0.07042253521126761,1,1
2025-05-15,68,49.45317073170732,0.029411764705882353,1,1
2025-05-16,76,42.3416,0.09210526315789473,1,1
2025-05-17,67,34.55023809523809,0.029850746268656716,1,1
2025-05-18,56,44.128571428571426,0.017857142857142856,1,1
2025-05-19,75,41.25537037037037,0.10666666666666667,1,1
2025-05-20,66,51.21209302325581,0.015151515151515152,1,1
2025-05-21,57,45.34967741935483,0.03508771929824561,1,1
2025-05-22,74,48.135238095238094,0.0945945945945946,1,1
2025-05-23,63,48.194736842105264,0.0,1,1
2025-05-24,74,43.95357142857143,0.04054054054054054,1,1
2025-05-25,82,41.47604166666667,0.012195121951219513,1,1
2025-05-26,52,57.0758064516129,0.019230769230769232,1,-1
2025-05-27,55,68.30615384615385,0.05454545454545454,-1,-1
2025-05-28,85,49.82619047619047,0.09411764705882353,1,1
2025-05-29,55,37.54324324324324,0.0,-1,1
2025-05-30,70,42.31272727272727,0.07142857142857142,1,1
2025-05-31,76,43.95463414634146,0.039473684210526314,1,1
2025-06-01,73,48.827352941176464,0.0,1,1
2025-06-02,64,49.1225,0.046875,1,1
2025-06-03,79,62.365227272727275,0.08860759493670886,-1,1
2025-06-04,77,37.595,0.07792207792207792,1,1
2025-06-05,65,37.99605263157895,0.06153846153846154,1,1
2025-06-06,70,47.86108695652174,0.0,1,1
2025-06-07,72,41.267272727272726,0.09722222222222222,1,1
2025-06-08,68,45.31048780487805,0.029411764705882353,1,1
2025-06-09,72,34.41139534883721,0.013888888888888888,1,1
2025-06-10,63,45.825405405405405,0.047619047619047616,1,1
2025-06-11,74,44.696666666666665,0.08108108108108109,1,1
2025-06-12,67,34.770833333333336,0.07462686567164178,1,1
2025-06-13,66,47.48736842105263,0.015151515151515152,1,1
2025-06-14,62,50.20704545454546,0.03225806451612903,1,1
2025-06-15,76,43.4809756097561,0.07894736842105263,1,1
2025-06-16,67,44.78585365853659,0.05970149253731343,1,1
2025-06-17,66,50.46,0.07575757575757576,1,1
2025-06-18,66,38.16692307692308,0.045454545454545456,1,1
2025-06-19,76,41.94119047619048,0.07894736842105263,1,1
2025-06-20,54,37.4641935483871,0.1111111111111111,-1,1
2025-06-21,81,50.66346153846154,0.04938271604938271,1,1
2025-06-22,85,43.55070175438596,0.0,-1,-1
2025-06-23,61,43.6972972972973,0.01639344262295082,1,1
2025-06-24,73,59.36434782608696,0.0136986301369863,1,1
2025-06-25,63,44.676829268292686,0.047619047619047616,1,1
2025-06-26,70,45.621276595744675,0.04285714285714286,1,1
2025-06-27,70,52.4527027027027,0.05714285714285714,1,1
2025-06-28,69,39.261538461538464,0.028985507246376812,1,1
2025-06-29,77,42.901555555555554,0.012987012987012988,1,1
2025-06-30,64,41.400238095238095,0.09375,1,1
2025-07-01,70,31.890277777777776,0.04285714285714286,1,1
2025-07-02,52,47.15814814814815,0.07692307692307693,1,1
2025-07-03,66,47.478409090909096,0.030303030303030304,1,1
2025-07-04,65,44.13181818181818,0.03076923076923077,1,1
2025-07-05,57,38.81705882352941,0.05263157894736842,1,1
2025-07-06,78,54.95933333333333,0.038461538461538464,1,1
2025-07-07,80,53.625,0.05,1,1
2025-07-08,62,44.69057142857143,0.04838709677419355,1,1
2025-07-09,67,40.52375,0.029850746268656716,1,1
2025-07-10,78,44.99692307692308,0.10256410256410256,1,1
2025-07-11,66,44.74414634146341,0.06060606060606061,1,1
2025-07-12,63,75.62076923076923,0.06349206349206349,-1,-1
2025-07-13,47,40.266969696969696,0.0,-1,-1
2025-07-14,73,49.06979166666667,0.0410958904109589,1,1
2025-07-15,72,41.61409090909091,0.041666666666666664,1,1
2025-07-16,66,52.99159090909091,0.06060606060606061,1,1
2025-07-17,64,47.22571428571429,0.0,1,1
2025-07-18,75,47.29648648648649,0.04,1,1
2025-07-19,71,39.096170212765955,0.04225352112676056,1,1
2025-07-20,59,55.90783783783784,0.03389830508474576,1,1
2025-07-21,72,27.234750000000002,0.041666666666666664,1,1
2025-07-22,55,58.798333333333325,0.01818181818181818,1,1
2025-07-23,75,38.57463414634146,0.06666666666666667,1,1
2025-07-24,68,43.79461538461538,0.07352941176470588,1,1
2025-07-25,54,43.8665625,0.07407407407407407,1,1
2025-07-26,82,49.051904761904765,0.036585365853658534,1,1
2025-07-27,92,44.64232142857143,0.05434782608695652,1,1
2025-07-28,71,46.25659090909091,0.07042253521126761,1,1
2025-07-29,77,51.81,0.09090909090909091,1,1
2025-07-30,80,60.61527272727273,0.1125,-1,-1
2025-07-31,70,38.36,0.05714285714285714,1,1
2025-08-01,60,33.9348275862069,0.03333333333333333,1,1
2025-08-02,77,43.686521739130434,0.025974025974025976,1,1
2025-08-03,69,42.76375,0.014492753623188406,1,1
2025-08-04,73,44.160250000000005,0.0410958904109589,1,1
2025-08-05,55,53.722068965517245,0.05454545454545454,1,1
2025-08-06,69,41.45666666666666,0.10144927536231885,1,1
2025-08-07,72,37.7018,0.1111111111111111,1,1
2025-08-08,78,42.82914893617021,0.05128205128205128,1,1
2025-08-09,79,48.90089285714286,0.0379746835443038,1,1
2025-08-10,57,42.26896551724138,0.017543859649122806,1,1
2025-08-11,73,41.13377777777778,0.0273972602739726,1,1
2025-08-12,63,46.24542857142857,0.031746031746031744,1,1
2025-08-13,65,35.75904761904762,0.046153846153846156,1,1
2025-08-14,69,44.38388888888889,0.057971014492753624,1,1
2025-08-15,59,44.00285714285714,0.01694915254237288,1,1
2025-08-16,58,42.97325,0.06896551724137931,1,1
2025-08-17,64,38.69244897959184,0.109375,1,1
2025-08-18,74,45.0435,0.05405405405405406,1,1
2025-08-19,70,62.26583333333334,0.08571428571428572,1,1
2025-08-20,87,41.29479166666666,0.011494252873563218,-1,1
2025-08-21,70,44.68974358974359,0.014285714285714285,1,1
2025-08-22,73,44.802162162162155,0.0273972602739726,1,1
2025-08-23,67,49.29358974358974,0.04477611940298507,1,1
2025-08-24,53,38.287058823529414,0.03773584905660377,1,1
2025-08-25,68,46.98886363636364,0.04411764705882353,1,1
2025-08-26,71,59.107837837837835,0.014084507042253521,1,1
2025-08-27,71,48.1951111111111,0.056338028169014086,1,1
2025-08-28,70,44.33340425531915,0.05714285714285714,1,1
2025-08-29,60,55.59,0.03333333333333333,1,1
2025-08-30,79,36.2022,0.0759493670886076,1,1
2025-08-31,75,44.688717948717944,0.04,1,1
2025-09-01,66,36.7093023255814,0.06060606060606061,1,1
2025-09-02,56,49.19057142857143,0.017857142857142856,1,1
2025-09-03,69,46.06125,0.07246376811594203,1,1
2025-09-04,69,46.7175,0.057971014492753624,1,1
2025-09-05,72,57.50782608695653,0.05555555555555555,1,1
2025-09-06,61,42.61027777777778,0.0,1,1
2025-09-07,74,34.35208333333333,0.05405405405405406,1,1
2025-09-08,78,44.7308,0.02564102564102564,1,1
2025-09-09,77,44.637499999999996,0.025974025974025976,1,1
2025-09-10,82,45.589800000000004,0.08536585365853659,1,1
2025-09-11,56,40.55,0.03571428571428571,1,1
2025-09-12,75,50.62177777777778,0.05333333333333334,1,1
2025-09-13,51,42.824375,0.0784313725490196,1,1
2025-09-14,53,48.6983870967742,0.07547169811320754,1,1
2025-09-15,75,52.59130434782608,0.02666666666666667,1,1
2025-09-16,65,43.96390243902439,0.03076923076923077,1,1
2025-09-17,72,40.77488888888889,0.041666666666666664,1,1
2025-09-18,59,50.422222222222224,0.0847457627118644,1,1
2025-09-19,68,42.23142857142857,0.04411764705882353,1,1
2025-09-20,70,29.246808510638296,0.07142857142857142,1,1
2025-09-21,77,29.90219512195122,0.07792207792207792,1,-1
2025-09-22,75,47.586000000000006,0.05333333333333334,1,1
2025-09-23,79,38.80754716981132,0.11392405063291139,1,-1
2025-09-24,60,54.86769230769231,0.05,1,1
2025-09-25,79,44.36416666666667,0.0379746835443038,1,1
2025-09-26,64,40.485128205128206,0.015625,1,1
2025-09-27,81,39.0532,0.06172839506172839,1,1
2025-09-28,65,57.014210526315786,0.07692307692307693,1,1
2025-09-29,67,53.898604651162785,0.029850746268656716,1,1
2025-09-30,68,52.71871794871795,0.04411764705882353,1,1
2025-10-01,75,33.23904761904762,0.02666666666666667,1,1
2025-10-02,53,31.559722222222224,0.05660377358490566,1,-1
2025-10-03,63,54.571481481481484,0.031746031746031744,1,1
2025-10-04,75,55.9052380952381,0.0,1,1
2025-10-05,76,42.819583333333334,0.06578947368421052,1,1
2025-10-06,62,52.973055555555554,0.0,1,1
2025-10-07,65,49.08558823529412,0.07692307692307693,1,1
2025-10-08,63,38.51113636363636,0.047619047619047616,1,1
2025-10-09,71,38.46923076923077,0.08450704225352113,1,1
2025-10-10,75,38.39929824561404,0.02666666666666667,1,1
2025-10-11,62,41.95205882352941,0.08064516129032258,1,1
2025-10-12,67,39.058571428571426,0.04477611940298507,1,1
2025-10-13,67,26.90948717948718,0.08955223880597014,1,-1
2025-10-14,79,48.17745098039216,0.08860759493670886,1,1
2025-10-15,86,59.6978,0.05813953488372093,-1,1
2025-10-16,79,50.057719298245615,0.05063291139240506,1,1
2025-10-17,65,45.9554054054054,0.03076923076923077,1,1
2025-10-18,68,61.31699999999999,0.014705882352941176,1,1
2025-10-19,77,47.55604651162791,0.03896103896103896,1,1
2025-10-20,56,39.2196875,0.07142857142857142,1,1
2025-10-21,82,40.59921568627451,0.012195121951219513,1,1
2025-10-22,62,53.49767441860465,0.04838709677419355,1,1
2025-10-23,77,42.1604347826087,0.05194805194805195,1,1
2025-10-24,58,52.00235294117647,0.034482758620689655,1,1
2025-10-25,65,46.97918918918919,0.07692307692307693,1,1
2025-10-26,73,52.53363636363636,0.0273972602739726,1,1
2025-10-27,85,57.151896551724136,0.03529411764705882,1,1
2025-10-28,68,52.836,0.07352941176470588,1,1
2025-10-29,64,38.835952380952385,0.046875,1,1
2025-10-30,60,39.690588235294115,0.06666666666666667,1,1
2025-10-31,68,35.02825,0.07352941176470588,1,1
2025-11-01,70,44.916875000000005,0.07142857142857142,1,1
2025-11-02,73,57.026666666666664,0.0684931506849315,1,1
2025-11-03,73,41.2922,0.0410958904109589,1,1
2025-11-04,68,49.378292682926826,0.04411764705882353,1,1
2025-11-05,69,58.389512195121945,0.057971014492753624,1,1
2025-11-06,72,39.80065217391304,0.05555555555555555,1,1
2025-11-07,77,46.830816326530616,0.07792207792207792,1,1
2025-11-08,75,42.733023255813954,0.013333333333333334,1,1
2025-11-09,62,41.471666666666664,0.08064516129032258,1,1
2025-11-10,70,30.78175,0.1,-1,-1
2025-11-11,61,30.48179487179487,0.04918032786885246,1,1
2025-11-12,65,39.6625,0.1076923076923077,1,1
2025-11-13,54,55.288125,0.0,-1,-1
2025-11-14,76,43.639591836734695,0.02631578947368421,1,1
2025-11-15,64,44.75375,0.046875,1,1
2025-11-16,79,50.260487804878046,0.06329113924050633,1,1
2025-11-17,68,37.47486486486486,0.07352941176470588,1,1
2025-11-18,65,46.06390243902439,0.03076923076923077,1,1
2025-11-19,89,40.40423076923077,0.06741573033707865,1,-1
2025-11-20,68,42.19891891891891,0.029411764705882353,1,1
2025-11-21,65,45.46511627906977,0.07692307692307693,1,1
2025-11-22,69,46.50975609756098,0.057971014492753624,1,1
2025-11-23,70,33.888717948717954,0.05714285714285714,1,1
2025-11-24,65,51.97631578947368,0.046153846153846156,1,1
2025-11-25,60,49.16483870967742,0.06666666666666667,1,1
2025-11-26,74,42.504893617021274,0.05405405405405406,1,1
2025-11-27,87,46.91410714285714,0.05747126436781609,1,1
2025-11-28,82,49.62960784313726,0.07317073170731707,1,1
2025-11-29,69,42.370303030303035,0.07246376811594203,1,1
2025-11-30,75,37.19973684210526,0.02666666666666667,1,1
2025-12-01,71,37.48825,0.04225352112676056,1,1
2025-12-02,69,42.80682926829268,0.028985507246376812,1,1
2025-12-03,83,55.57830508474576,0.08433734939759036,1,1
2025-12-04,69,41.473333333333336,0.014492753623188406,1,1
2025-12-05,85,51.647333333333336,0.047058823529411764,1,1
2025-12-06,74,32.452790697674416,0.06756756756756757,1,1
2025-12-07,77,38.239999999999995,0.06493506493506493,1,1
2025-12-08,68,39.53125,0.058823529411764705,1,1
2025-12-09,59,42.73951219512195,0.06779661016949153,1,1
2025-12-10,64,42.70175,0.046875,1,1
2025-12-11,73,40.809629629629626,0.0410958904109589,1,1
2025-12-12,66,48.96696969696969,0.06060606060606061,1,1
2025-12-13,66,42.76590909090909,0.030303030303030304,1,1
2025-12-14,69,52.20918918918919,0.07246376811594203,1,1
2025-12-15,78,42.57666666666667,0.02564102564102564,1,1
2025-12-16,84,52.13545454545454,0.03571428571428571,1,1
2025-12-17,59,33.66583333333333,0.0847457627118644,1,1
2025-12-18,73,37.21725,0.0547945205479452,1,1
2025-12-19,89,34.607358490566035,0.02247191011235955,-1,-1
2025-12-20,73,39.97489361702127,0.0410958904109589,1,1
2025-12-21,74,56.39,0.06756756756756757,1,1
2025-12-22,69,26.80547619047619,0.07246376811594203,1,-1
2025-12-23,71,48.93162790697674,0.014084507042253521,1,1
2025-12-24,75,44.24254901960784,0.0,1,1
2025-12-25,71,40.85404761904762,0.014084507042253521,1,1
2025-12-26,75,50.89204545454545,0.04,1,1
2025-12-27,63,39.07631578947369,0.09523809523809523,1,1
2025-12-28,63,57.087500000000006,0.06349206349206349,1,1
2025-12-29,55,38.283611111111114,0.10909090909090909,-1,1
2025-12-30,64,44.23205128205128,0.03125,1,1
